is_cancelled,lead_time,stays_in_weekend_nights,stays_in_week_nights,adults,children,babies,is_repeated_guest,previous_cancellations,previous_bookings_not_cancelled,reserved_room_type,assigned_room_type,booking_changes,deposit_type,days_in_waiting_list,customer_type,adr,required_car_parking_spaces,total_of_special_requests
0,225,1,2,1,0,0,0,0,0,E,D,0,No Deposit,0,Transient,63.03725262406172,0,0
0,72,6,2,2,0,1,0,0,0,A,A,0,No Deposit,0,Transient,71.0294085711419,0,0
1,73,2,2,3,0,0,0,0,0,A,I,0,No Deposit,0,Transient,114.82541959016538,0,0
0,98,2,5,2,-1,0,0,0,0,G,A,13,No Deposit,0,Transient,132.69590007229152,0,1
1,1,0,5,1,0,0,0,0,0,A,B,0,No Deposit,0,Transient,46.149532807957904,0,0
0,46,1,7,2,0,0,0,0,0,A,D,0,No Deposit,0,Transient-Party,67.22076457171495,0,1
0,0,2,1,1,0,0,0,0,0,A,E,0,No Deposit,0,Transient,92.15472956608333,0,0
1,39,1,5,2,0,0,0,0,0,A,A,1,No Deposit,0,Transient,114.68400838906854,0,1
1,184,2,3,2,3,1,0,0,0,D,A,0,No Deposit,0,Transient,128.25799668213065,0,0
0,0,1,1,3,-1,0,0,0,0,E,K,0,No Deposit,0,Transient,21.183233953372195,0,0
1,239,0,2,1,0,0,0,0,0,F,E,0,No Deposit,0,Transient,63.74140076369128,0,0
0,69,0,2,2,0,0,0,0,0,A,A,1,No Deposit,0,Transient-Party,24.157818180378978,0,2
0,61,2,1,2,0,0,0,1,0,B,D,0,Non Refund,0,Group,130.41362978701477,0,0
0,0,0,2,3,0,0,0,0,48,A,D,0,No Deposit,0,Transient,93.42209542139135,0,0
0,104,0,2,2,0,0,0,0,0,A,D,0,No Deposit,0,Transient,88.8955419220833,0,0
1,542,1,2,2,0,0,0,0,0,F,D,0,Refundable,0,Transient,68.32891601253078,0,0
0,0,0,3,1,0,0,0,0,0,A,F,1,No Deposit,0,Transient,200.8694297207453,0,0
0,0,1,1,1,0,0,0,0,48,F,A,1,No Deposit,0,Transient,136.09108347897308,2,2
1,213,0,1,2,0,0,0,0,0,A,A,0,No Deposit,0,Transient,103.51925042241069,0,5
1,119,2,1,2,1,0,0,0,0,A,D,0,No Deposit,0,Transient,54.8805625491862,0,0
1,0,2,1,2,0,0,0,0,0,D,A,0,No Deposit,0,Transient,219.12596161203322,0,0
0,215,0,1,3,0,0,0,0,0,C,A,0,No Deposit,0,Transient,116.53031615869521,1,0
0,85,8,10,2,0,0,0,0,0,A,A,1,No Deposit,0,Transient,103.84054028710034,0,0
0,287,2,1,1,0,0,0,0,0,A,D,1,No Deposit,0,Transient,124.40625285973557,0,1
1,396,1,1,2,0,0,0,0,17,A,A,1,Non Refund,91,Transient,64.70370504917345,0,2
1,23,2,0,0,0,0,0,0,0,A,D,1,No Deposit,0,Transient,83.39388659766621,0,0
0,1,2,3,2,0,0,0,0,0,D,A,0,No Deposit,0,Transient,140.47920249925423,1,1
1,65,4,2,2,0,0,0,0,0,A,A,2,No Deposit,0,Transient,76.81036585273962,0,1
0,132,1,1,2,2,0,0,0,0,A,A,0,No Deposit,100,Transient,151.32948520148784,0,0
1,4,2,8,2,0,0,0,0,0,A,A,0,No Deposit,0,Transient,136.93612142389932,0,0
0,10,4,2,2,0,0,0,0,0,A,A,0,Refundable,0,Transient,167.65508271193136,1,1
0,0,2,3,2,0,0,0,0,0,A,A,1,No Deposit,0,Transient,130.46609159432847,0,0
0,154,0,1,2,0,0,1,0,0,E,D,0,No Deposit,0,Transient,121.27707132567986,1,0
1,113,0,2,1,0,0,0,19,0,A,A,1,No Deposit,0,Transient-Party,80.62195936492263,1,1
0,292,0,5,2,0,0,0,0,0,A,A,0,No Deposit,0,Transient,116.94154560292259,0,4
1,364,2,4,2,0,0,0,0,0,A,B,0,Non Refund,0,Transient,29.39566359427679,0,1
1,59,1,5,2,0,0,0,0,0,A,C,1,Non Refund,0,Transient,88.49524962484625,0,0
0,104,2,1,2,0,0,0,0,0,H,A,0,Non Refund,0,Transient,89.32097147518087,0,0
0,244,2,1,2,0,0,0,0,16,A,C,0,No Deposit,61,Transient,60.11982979263736,0,0
0,228,5,1,2,0,0,0,0,1,A,F,1,No Deposit,0,Transient,50.74480527784905,0,0
0,343,2,1,2,0,0,0,0,0,A,D,0,No Deposit,0,Transient,76.92414987040098,0,0
1,265,0,1,1,0,0,0,0,0,D,D,0,No Deposit,0,Transient,85.00932866952674,0,0
1,0,0,0,3,0,0,0,0,0,A,A,5,Non Refund,0,Transient,58.266537619651814,1,1
0,38,1,16,2,0,0,0,0,0,A,A,0,No Deposit,0,Transient,104.41543515396344,0,0
0,29,1,2,3,0,0,1,0,0,A,D,2,No Deposit,0,Transient,114.02754072970849,0,0
0,257,0,2,2,0,0,0,2,0,A,B,0,No Deposit,53,Contract,74.29018866627197,0,1
0,197,0,5,2,0,0,0,0,0,H,A,0,No Deposit,1,Transient,91.78600987063228,0,4
0,238,2,4,2,0,0,0,0,0,A,E,0,No Deposit,0,Transient,67.79998931980067,0,1
0,89,1,1,2,0,0,0,0,0,F,D,1,No Deposit,0,Transient,226.18666454905417,0,3
0,52,0,2,3,0,0,1,0,0,B,A,1,Non Refund,0,Transient,50.86198438874537,0,1
0,223,2,4,1,0,0,0,0,0,A,A,0,No Deposit,0,Transient,64.99543326402252,0,0
0,153,0,0,2,0,0,0,0,0,A,A,0,No Deposit,0,Transient,111.5228708350655,0,0
0,3,0,5,2,0,0,0,0,0,E,A,0,No Deposit,50,Transient,91.53344831775955,0,1
1,0,2,5,2,0,0,0,0,0,A,D,2,No Deposit,0,Transient-Party,61.39817981890531,0,0
1,0,0,2,2,0,1,0,0,0,D,A,0,No Deposit,0,Transient,103.41511869833582,0,2
0,342,1,2,2,0,0,0,0,0,A,A,1,No Deposit,0,Transient-Party,95.71021161400657,0,1
0,0,0,1,2,0,0,0,0,0,A,A,0,No Deposit,0,Transient,121.87805494473797,0,0
0,378,0,1,1,2,0,0,0,0,A,D,0,No Deposit,0,Transient,103.53077942334356,0,2
1,40,0,1,1,0,0,0,0,0,D,A,2,No Deposit,0,Transient,54.59017174328281,0,2
1,258,1,6,1,0,1,0,0,0,A,A,1,No Deposit,0,Transient,59.68772137185816,0,0
1,175,0,8,1,0,0,0,11,0,A,D,0,No Deposit,0,Transient-Party,74.54886652779737,0,0
0,326,1,0,2,0,0,0,0,0,A,D,0,No Deposit,0,Transient-Party,72.00112172144853,0,4
0,383,1,0,1,0,0,0,0,0,D,A,1,No Deposit,0,Transient,94.94981133593154,0,1
1,333,5,2,2,0,0,0,0,0,F,D,1,Refundable,0,Transient,120.20158043180058,0,0
0,243,1,2,2,0,0,0,0,0,A,C,0,No Deposit,0,Contract,194.79618985755533,0,2
0,11,1,4,2,3,1,1,0,0,A,A,6,No Deposit,0,Transient,87.2148764859966,0,0
0,83,0,1,0,0,0,0,0,0,A,A,2,No Deposit,0,Transient-Party,122.2976880447032,0,1
0,335,1,2,2,0,0,0,0,0,A,K,0,Non Refund,0,Transient,67.98918101611972,0,1
0,93,0,2,2,0,0,0,0,0,A,G,0,Non Refund,0,Transient,77.0025375817081,0,1
0,115,3,5,0,0,0,0,0,0,A,A,1,No Deposit,0,Transient,56.92637987407757,0,1
0,420,0,1,1,0,0,0,0,0,H,A,0,Non Refund,0,Group,34.92699914154549,0,0
1,256,5,0,1,0,0,0,0,0,A,A,0,No Deposit,45,Transient,107.69310572210703,0,2
1,0,0,4,2,2,0,0,0,0,D,A,1,No Deposit,0,Transient,75.0514159430725,1,0
0,265,1,5,2,0,0,0,0,0,A,A,1,No Deposit,0,Transient,62.552767973160016,0,0
0,83,2,1,1,0,0,1,0,0,D,D,0,Refundable,0,Transient,46.36397436766422,1,2
0,144,1,4,2,0,0,0,0,0,A,H,0,No Deposit,0,Transient,66.4963413576118,0,1
1,86,0,5,3,0,0,0,0,0,A,A,1,Refundable,0,Transient,143.90093614219205,0,1
0,0,1,11,2,0,0,0,0,0,A,A,0,Non Refund,15,Transient,166.56073835785688,0,0
0,303,1,0,2,0,0,0,1,0,A,D,0,No Deposit,0,Transient,106.98524454935794,0,2
0,259,1,2,2,0,0,0,0,0,A,A,0,No Deposit,0,Transient-Party,123.01473404164801,0,0
0,123,2,1,2,1,0,0,0,0,A,A,0,No Deposit,0,Transient,162.2711807092885,0,0
0,0,0,1,2,0,0,0,0,0,A,A,0,No Deposit,0,Transient,112.62310474294256,0,1
1,225,2,4,1,0,0,0,0,0,E,A,1,Non Refund,68,Transient,40.11075216201877,0,1
0,0,3,1,2,0,0,0,0,0,A,A,2,No Deposit,109,Transient,73.7641187375856,0,2
0,38,1,0,1,0,0,0,0,0,A,A,0,No Deposit,0,Transient,111.48802230512403,0,1
1,152,2,1,2,0,0,0,0,0,D,F,1,No Deposit,0,Transient,120.95477626020914,0,0
0,1,0,2,2,1,0,0,0,0,A,A,4,No Deposit,0,Transient,115.30193095444986,1,0
1,343,4,2,3,0,0,0,1,0,D,B,0,Non Refund,0,Transient,54.51616453298633,0,1
0,89,2,2,2,0,0,0,0,0,A,A,0,Non Refund,0,Transient,44.01906711702796,0,1
0,5,1,5,1,1,0,0,11,0,F,A,0,No Deposit,0,Transient,107.29307138221549,0,1
0,70,2,1,2,0,0,0,0,0,A,E,0,No Deposit,0,Transient,217.4978679817415,0,1
0,202,1,1,2,0,0,0,0,0,A,D,1,No Deposit,0,Transient,102.08546738394101,0,0
0,2,1,1,2,0,0,0,0,0,D,B,0,Non Refund,0,Transient,164.39631827598436,0,0
0,343,1,2,1,0,0,0,0,0,A,A,0,No Deposit,0,Transient,198.92906531409457,2,1
0,160,0,1,2,0,0,0,0,0,A,A,0,No Deposit,0,Transient,98.82376225615212,0,1
0,0,2,1,2,0,0,0,0,0,A,F,0,No Deposit,0,Contract,109.65511187638084,0,0
1,46,0,2,1,0,0,0,0,0,D,A,0,No Deposit,0,Contract,66.70724243568768,0,0
0,9,2,4,1,0,0,0,0,0,A,A,0,No Deposit,35,Transient,113.13833879625959,0,0
0,312,2,0,1,0,0,0,0,0,D,A,5,No Deposit,0,Transient-Party,87.1411026435134,0,2
0,2,4,0,2,0,0,0,0,0,A,B,0,No Deposit,0,Transient,80.55631822246895,0,4
0,90,3,2,2,0,0,0,0,0,A,A,0,No Deposit,0,Transient,58.78007966280445,1,0
1,97,8,3,1,0,0,0,0,0,A,A,0,No Deposit,89,Transient-Party,73.3573826994317,0,0
1,615,0,2,2,0,0,0,0,0,A,A,0,No Deposit,0,Transient-Party,56.17648895051713,0,0
0,391,1,2,2,0,0,0,0,0,A,A,1,No Deposit,0,Transient,123.66662828353451,1,1
0,244,1,1,2,0,0,1,0,0,A,D,1,No Deposit,0,Transient,57.93170130192273,0,1
1,338,0,15,1,0,0,0,0,0,B,A,0,No Deposit,0,Transient,119.1965386977205,1,0
0,386,0,1,4,0,0,0,1,0,A,A,0,No Deposit,0,Transient,97.30779641911893,0,1
0,41,2,0,1,0,0,0,0,0,A,A,1,No Deposit,0,Transient,63.62843648917758,0,0
1,4,1,2,2,1,0,0,0,0,A,D,2,No Deposit,0,Transient,20.0369379428383,0,1
0,96,0,3,2,0,0,0,0,0,A,D,1,No Deposit,0,Transient,124.49884475817127,0,2
0,195,0,6,1,0,1,0,0,0,A,A,1,No Deposit,0,Transient-Party,180.6244192917742,0,0
1,94,2,0,2,0,0,0,0,0,F,F,0,No Deposit,0,Transient,62.92923353130164,0,0
0,8,0,1,2,0,0,0,1,0,A,E,0,No Deposit,0,Transient,117.89807287930182,0,2
0,111,2,2,1,0,0,0,1,0,A,D,1,No Deposit,0,Transient,107.27411677821617,0,2
0,0,1,4,2,0,0,0,0,0,E,A,1,No Deposit,0,Transient,165.53035901257297,0,0
0,167,0,4,1,2,0,0,0,0,A,A,1,Non Refund,10,Transient,71.56385533151987,0,0
0,233,0,14,1,1,0,0,0,0,A,A,0,No Deposit,0,Transient,100.81412755969079,0,1
1,69,0,1,2,0,0,0,0,0,A,K,0,No Deposit,0,Transient,63.93204421662696,0,0
0,99,2,3,1,0,0,0,0,0,G,G,0,No Deposit,0,Transient,56.96965164220048,0,1
0,0,1,5,2,0,0,0,0,0,A,E,2,No Deposit,0,Transient,92.17085242883455,0,0
0,141,3,9,2,0,0,0,0,0,A,A,0,No Deposit,0,Transient,148.41063910344482,0,2
0,119,3,5,2,0,0,0,0,0,A,A,0,No Deposit,0,Transient,17.625525319902856,0,1
1,1,0,1,1,0,0,0,0,0,A,A,0,No Deposit,0,Transient,111.38072984237247,0,2
0,2,0,5,4,0,0,0,0,0,A,A,1,No Deposit,0,Transient-Party,120.80449305798048,1,0
1,0,3,1,2,1,0,0,2,0,H,D,0,Non Refund,0,Transient,89.01182179721269,0,4
0,135,2,2,2,0,0,0,0,0,A,D,0,No Deposit,0,Transient-Party,172.8801333580329,1,1
0,448,1,2,2,0,0,0,0,0,A,A,2,No Deposit,0,Transient,176.18138722289106,0,4
0,566,0,6,2,0,0,0,1,0,A,A,0,No Deposit,0,Transient,94.18023867025194,0,0
0,2,0,2,1,0,0,0,1,0,D,A,0,Non Refund,0,Transient-Party,49.86672634292349,0,0
0,137,0,2,2,0,0,0,0,0,A,B,0,No Deposit,0,Transient,116.05238353570185,0,1
0,24,0,1,2,0,0,0,0,0,A,D,0,No Deposit,0,Transient,51.0589123231582,0,2
0,0,1,3,2,0,0,0,0,0,A,A,0,No Deposit,35,Contract,70.75595878173199,0,0
0,149,0,1,2,0,0,0,0,0,A,E,1,No Deposit,0,Transient,15.247036430875461,0,0
0,0,1,1,2,0,0,0,0,0,L,B,0,No Deposit,0,Transient,49.84512165188622,0,2
0,405,0,2,1,0,0,0,0,1,A,A,1,No Deposit,0,Transient-Party,70.93717971881614,0,1
0,150,1,1,2,0,0,1,0,0,A,A,0,Non Refund,0,Transient,117.99683170602813,0,1
1,0,5,1,1,0,0,0,0,0,A,A,1,No Deposit,0,Contract,74.18167958175896,1,0
1,16,0,4,2,0,0,0,0,0,C,B,1,No Deposit,147,Contract,99.43145371761324,2,0
0,17,1,9,2,0,0,0,0,0,A,A,0,No Deposit,0,Transient,210.63678129943213,0,0
0,284,1,1,1,0,0,1,0,0,A,A,0,No Deposit,0,Transient,90.6214143959132,0,3
0,107,0,4,1,0,0,0,0,0,A,A,0,Non Refund,0,Transient,42.09929135382904,0,0
0,542,0,3,2,0,0,0,0,0,A,K,0,No Deposit,0,Transient,199.95357245633605,0,5
1,125,0,1,1,0,0,0,0,0,C,D,0,No Deposit,0,Transient-Party,123.84037525808498,0,0
0,140,0,1,4,0,0,0,0,0,A,A,0,No Deposit,0,Transient,89.57001249371922,1,2
0,368,1,1,2,1,0,0,0,0,A,A,1,Non Refund,0,Transient-Party,130.73238526825878,0,0
0,309,1,6,2,3,0,0,0,0,C,A,1,No Deposit,0,Group,193.96792620433,0,2
1,281,1,1,2,0,0,0,0,0,A,D,2,No Deposit,0,Contract,103.09996658096085,0,1
1,84,0,2,1,0,0,0,0,1,A,B,0,No Deposit,0,Transient,88.49151421664618,0,0
1,329,2,5,2,0,0,0,0,0,A,A,0,Non Refund,0,Transient,45.74118643434912,0,1
0,518,0,3,2,0,0,0,1,0,A,E,0,No Deposit,0,Transient,56.94490817520304,0,0
1,411,1,2,2,2,0,0,0,0,A,A,1,No Deposit,0,Contract,101.35688483109574,0,2
0,329,4,1,1,0,0,0,0,21,D,D,0,Non Refund,0,Transient,142.889204484652,0,2
1,0,2,0,2,0,1,0,0,0,G,A,0,No Deposit,0,Transient-Party,112.64864000755801,1,0
0,227,1,0,2,0,0,0,0,0,E,A,1,No Deposit,0,Transient,133.86379046443128,0,3
0,43,2,2,2,0,0,0,0,0,A,D,0,No Deposit,0,Transient,120.90805836034967,0,0
0,67,0,5,2,0,0,0,0,0,A,A,7,No Deposit,0,Contract,90.07223297909262,0,2
1,0,1,2,3,0,0,0,0,0,A,A,1,No Deposit,0,Transient,112.00487536287005,0,1
1,81,2,0,2,0,0,0,1,0,A,A,1,No Deposit,0,Transient,39.845272022725524,0,2
1,0,1,5,1,2,0,0,0,0,A,B,0,Non Refund,0,Transient,151.66116686501528,0,1
0,468,0,2,2,0,0,0,1,0,D,H,0,No Deposit,0,Transient,73.83824715614641,0,0
1,320,1,2,2,0,0,0,0,0,A,A,1,No Deposit,0,Transient,94.14771268196615,0,0
0,13,0,1,2,0,0,0,0,0,A,F,1,No Deposit,0,Transient,55.9966050420475,2,0
1,242,2,2,2,0,0,0,0,0,A,A,8,No Deposit,0,Transient-Party,151.23063753264307,1,0
0,9,0,6,2,0,0,0,0,0,A,A,0,No Deposit,0,Transient,56.70649253223327,0,0
1,220,0,2,1,0,0,0,0,0,A,G,0,No Deposit,0,Transient,54.79044592861588,2,0
0,79,2,2,2,0,0,0,0,0,A,A,0,No Deposit,0,Transient,184.81973348736668,0,0
0,95,1,1,2,1,1,0,1,0,A,E,1,No Deposit,0,Transient,89.69467167766997,0,0
0,240,1,1,1,0,0,0,0,0,L,G,6,No Deposit,0,Transient-Party,110.59052276046255,0,0
0,333,0,2,2,2,0,1,0,0,A,A,0,No Deposit,0,Transient,60.19265711377187,0,0
0,181,8,1,2,0,0,0,0,0,A,D,0,No Deposit,111,Transient,83.57709233733317,0,1
0,165,2,4,2,0,0,0,0,0,A,D,0,No Deposit,0,Transient,123.80340871914126,0,1
0,179,8,2,2,-1,0,0,0,0,A,A,1,No Deposit,75,Transient-Party,103.45494883795959,0,0
0,356,2,5,2,1,0,0,0,0,A,G,0,Non Refund,0,Transient,48.7702958277596,0,1
0,457,1,3,2,0,0,0,0,0,A,G,0,No Deposit,0,Transient,59.179281050880064,0,5
0,193,0,1,2,0,0,1,0,0,A,A,0,No Deposit,0,Contract,251.6182822631257,0,0
1,143,0,1,2,0,0,0,0,0,A,A,0,No Deposit,0,Contract,63.447460194793514,0,0
0,5,2,3,1,0,0,0,0,0,D,D,0,No Deposit,8,Transient,69.92557854561915,0,0
0,298,4,1,1,0,0,1,0,0,A,A,0,No Deposit,0,Transient,65.96958036987334,0,0
1,176,0,4,1,0,0,0,0,0,E,G,1,Non Refund,0,Transient,39.51117464278806,0,0
0,135,1,3,2,0,0,0,0,0,A,A,1,No Deposit,0,Transient,101.02171225890726,0,1
0,489,2,15,2,0,0,0,0,0,A,F,1,No Deposit,0,Transient,65.68768196844259,0,2
0,31,5,3,1,0,0,0,0,0,F,A,0,No Deposit,0,Transient-Party,120.8691811405577,0,0
1,0,6,2,4,0,0,0,0,0,A,E,4,No Deposit,15,Transient,69.74685825857104,0,1
0,3,0,5,2,0,0,0,0,0,D,E,1,No Deposit,0,Transient,68.77155425317345,0,2
0,349,1,5,2,0,0,0,0,0,D,G,0,No Deposit,0,Transient,194.2594907148609,0,0
0,197,1,1,2,0,0,0,0,0,A,A,0,No Deposit,0,Transient-Party,111.77499418564234,0,0
0,11,2,10,2,0,0,1,0,0,D,D,13,No Deposit,0,Group,96.86526984015293,1,0
1,1,1,2,2,0,0,0,0,0,A,A,0,No Deposit,0,Transient,85.06567778719082,0,2
0,302,1,2,1,0,1,0,0,11,F,D,0,Refundable,0,Transient,96.4040064073975,0,0
0,146,2,2,1,1,0,0,0,0,A,A,0,No Deposit,147,Contract,77.0332488795716,0,0
0,279,1,1,2,1,0,0,0,0,D,D,3,No Deposit,0,Transient,67.51485474472935,0,0
0,257,2,1,1,0,0,0,3,0,D,D,1,No Deposit,0,Transient,82.47210759859007,0,0
0,3,0,2,4,0,0,0,0,0,A,D,0,No Deposit,0,Transient,112.57553978087643,0,5
0,203,1,2,2,1,0,0,0,0,A,A,1,No Deposit,0,Transient,72.30444825098465,0,1
0,391,1,2,1,3,0,0,24,0,C,A,0,No Deposit,0,Transient,91.5175079340131,0,0
1,41,1,0,2,0,0,1,0,0,A,E,1,No Deposit,55,Transient,48.8242930110613,1,0
0,20,0,5,2,0,0,0,0,0,A,B,4,No Deposit,81,Transient,120.40467442295211,0,0
0,346,2,1,3,0,0,0,0,0,D,A,1,No Deposit,0,Transient,153.2433996242103,0,0
0,226,0,2,3,0,1,0,0,0,A,A,0,No Deposit,0,Transient,58.52777858356251,0,3
0,23,1,1,3,0,0,0,0,0,A,B,1,No Deposit,0,Transient-Party,93.0324180634684,1,1
0,117,2,7,2,0,0,0,0,0,E,D,0,No Deposit,0,Transient,70.5317267798896,0,0
0,80,0,2,2,1,0,0,0,0,E,A,0,No Deposit,0,Transient,160.47044672639026,0,0
0,6,0,9,1,1,0,0,0,0,E,B,1,No Deposit,65,Transient,105.41276764481012,0,2
1,119,1,2,3,0,0,0,0,0,A,A,1,No Deposit,0,Transient,62.25878891767389,1,0
0,0,0,2,2,0,0,0,0,0,A,A,1,No Deposit,0,Contract,39.76781135846656,0,0
0,16,2,1,2,0,0,1,1,0,G,D,0,No Deposit,0,Contract,13.665724487048877,0,0
0,0,1,2,2,0,0,0,0,0,A,A,0,No Deposit,0,Transient,184.96879752612398,1,1
0,0,1,1,1,0,0,0,0,0,A,D,1,No Deposit,0,Transient,60.643968643061726,0,0
1,276,0,1,2,0,0,0,0,0,F,A,2,No Deposit,0,Transient,132.2231198536803,0,0
0,259,1,2,2,0,0,0,0,0,A,A,0,No Deposit,259,Transient,150.5914772969002,0,0
0,100,0,1,2,3,0,0,0,43,A,A,1,No Deposit,0,Transient,39.68243202638124,0,2
0,274,0,2,2,0,0,0,0,0,A,D,1,No Deposit,0,Transient,105.70002683117633,0,0
0,0,2,1,1,2,0,0,0,0,E,A,0,No Deposit,0,Transient,75.31230257492169,0,0
0,78,1,1,3,0,0,0,0,0,E,A,0,No Deposit,0,Contract,144.79500947524787,0,1
0,207,2,5,2,0,0,1,0,0,F,A,0,No Deposit,0,Transient,34.73709936443002,0,0
0,40,0,1,1,0,0,0,0,0,A,C,0,Non Refund,0,Transient,56.535733197244916,0,0
0,41,16,14,2,0,0,0,0,0,A,D,0,No Deposit,0,Transient,70.54207839379484,0,0
1,141,0,2,2,0,0,0,0,1,A,A,0,No Deposit,0,Contract,57.4511037784104,0,4
1,315,1,1,1,1,0,0,0,0,G,A,0,No Deposit,0,Transient,20.48530982648137,0,1
0,3,1,1,2,0,0,0,0,0,E,A,0,No Deposit,0,Transient,98.1251368381174,0,2
0,0,0,5,2,0,0,0,0,0,A,A,0,No Deposit,0,Transient,136.5062951980791,0,0
0,0,16,1,0,0,0,0,0,0,A,E,1,No Deposit,215,Transient,44.403203004733115,1,0
0,3,2,1,2,0,0,0,0,0,D,A,0,No Deposit,0,Contract,60.97331287464857,0,1
1,239,2,2,3,0,0,0,0,0,A,A,0,No Deposit,0,Transient,110.22134787691841,0,0
1,136,1,5,2,0,1,1,0,0,A,A,0,No Deposit,0,Transient,84.68589888381713,0,3
0,1,2,0,2,0,0,0,0,0,E,A,0,No Deposit,0,Transient,111.96729674723113,0,1
0,166,0,2,1,0,0,0,0,0,A,D,4,No Deposit,0,Transient,170.15437681779846,0,3
0,0,1,4,1,0,0,0,1,0,A,A,0,No Deposit,0,Transient,75.346851547814,0,0
1,1,1,2,2,0,0,0,0,0,D,A,0,No Deposit,0,Transient,33.37249914188115,0,1
0,353,1,2,2,0,0,0,0,48,A,A,0,Non Refund,0,Transient,111.68595525533127,0,0
0,0,0,2,2,0,0,0,0,0,E,C,0,No Deposit,0,Transient,116.63735418410012,0,1
1,267,2,2,2,0,0,0,0,7,A,A,1,No Deposit,0,Transient,105.36253890501143,0,2
0,264,2,2,2,0,0,0,0,0,C,A,0,No Deposit,0,Transient,83.18183014621569,0,0
1,58,3,8,1,2,0,0,1,0,A,F,1,No Deposit,0,Transient,51.453803690873606,0,1
1,2,0,1,2,0,0,0,0,0,A,A,1,No Deposit,0,Transient,73.91159619921498,0,1
1,587,0,10,1,0,0,0,0,0,A,A,0,No Deposit,0,Transient,138.96176591202592,0,0
1,28,1,1,2,1,0,0,0,0,A,G,0,No Deposit,0,Transient,112.66233894899888,0,0
1,4,0,5,1,0,0,0,0,0,A,D,1,No Deposit,0,Transient,29.39327816644922,0,0
0,3,1,2,2,0,0,0,0,4,A,A,0,Non Refund,38,Transient,64.53204766163103,0,0
0,0,2,2,1,0,0,0,5,0,A,D,0,No Deposit,0,Transient,115.05728035387769,0,0
1,1,0,1,1,2,0,0,0,0,A,A,7,No Deposit,0,Transient,84.149847765228,0,0
0,45,0,2,2,0,0,0,0,0,A,A,0,No Deposit,0,Transient-Party,61.664485018053824,0,1
0,19,0,2,2,0,1,0,0,0,A,G,0,No Deposit,0,Transient,75.563148846992,0,0
1,301,1,2,2,0,0,0,0,0,A,G,0,No Deposit,0,Transient,30.139007447643692,0,0
0,84,0,2,2,0,0,0,0,0,A,A,0,No Deposit,0,Transient,132.759448121935,0,0
0,457,0,1,2,0,0,0,0,0,G,A,0,No Deposit,0,Transient,106.83742901821851,0,0
0,111,2,2,2,0,0,0,0,0,A,D,0,No Deposit,120,Transient,43.173400836756755,1,1
1,102,0,4,3,0,0,0,0,0,A,D,0,Non Refund,0,Transient,40.19377491143866,0,0
1,179,1,4,2,0,0,0,0,0,A,D,1,No Deposit,0,Contract,110.4277445784011,0,0
0,350,1,1,2,0,0,0,0,0,A,G,0,Non Refund,0,Transient,32.836317218128805,0,0
0,288,0,8,1,2,0,0,0,0,A,A,3,No Deposit,0,Transient-Party,36.384029325870806,0,1
0,171,2,5,2,0,0,0,0,0,A,E,0,No Deposit,0,Transient-Party,26.09163004978868,0,0
1,237,3,2,1,0,0,0,0,0,A,A,1,No Deposit,0,Transient,130.05381586666064,0,0
0,141,2,3,2,0,0,0,0,0,E,F,1,No Deposit,0,Transient,103.54475386786203,0,0
0,37,1,2,2,0,0,0,0,0,E,A,8,No Deposit,0,Transient,31.908784258933302,1,2
1,39,0,2,2,2,0,0,0,0,A,A,1,No Deposit,96,Transient,263.5057776122811,1,3
0,123,1,1,1,0,0,1,0,0,A,C,0,No Deposit,0,Transient,110.86622238544005,0,0
0,204,2,1,2,0,0,1,1,0,H,A,0,No Deposit,0,Transient,68.11518635633914,0,3
1,1,1,4,2,0,0,0,0,25,A,A,0,No Deposit,0,Transient,52.77549411407277,0,0
0,132,1,1,2,2,0,0,0,0,A,A,0,No Deposit,0,Group,55.41577818629063,0,0
1,2,1,5,1,0,0,0,0,0,A,B,0,No Deposit,0,Transient,168.18912026714733,1,0
1,0,2,1,3,0,0,0,2,0,A,A,0,No Deposit,0,Transient,24.00617849216827,0,1
0,201,1,2,2,1,0,1,0,0,D,A,0,No Deposit,0,Transient,62.94060154772167,0,2
0,9,1,1,1,0,1,0,5,0,A,A,1,No Deposit,0,Transient-Party,105.82451641330255,0,0
0,220,0,1,2,1,0,0,0,0,D,A,0,No Deposit,224,Transient,147.2744016957879,0,1
0,1,1,2,2,0,0,0,0,0,A,A,0,No Deposit,0,Transient,77.65853056380082,0,0
0,0,1,1,1,0,0,0,0,0,A,F,0,No Deposit,0,Transient,130.4089623967957,0,0
0,317,6,3,1,0,0,0,1,0,A,A,1,No Deposit,1,Group,135.70248420091522,0,2
1,275,4,1,1,0,0,0,0,0,A,D,0,No Deposit,0,Transient-Party,88.85812909732145,0,1
1,9,0,2,1,0,0,0,0,0,E,B,1,No Deposit,0,Transient,94.85993307367885,0,0
0,239,0,1,1,0,0,0,0,0,A,F,0,No Deposit,62,Transient,107.14473575187085,0,1
0,32,2,1,2,0,0,0,0,0,C,A,0,No Deposit,0,Transient,52.9553814277417,1,2
0,27,5,2,1,0,0,0,0,0,E,A,0,Non Refund,91,Transient,81.41544920749507,0,1
0,6,1,2,2,0,0,0,0,0,A,A,1,No Deposit,0,Transient,70.8245677789175,0,0
1,22,6,2,2,0,0,0,0,0,A,D,0,No Deposit,0,Transient-Party,141.42203880472454,0,0
1,85,0,4,1,0,0,0,0,0,A,F,0,No Deposit,0,Transient,62.076408162005684,0,2
0,1,0,2,2,0,0,0,0,0,A,G,0,No Deposit,0,Transient,99.38517326007934,0,0
1,195,0,6,4,0,0,0,0,0,D,A,1,No Deposit,0,Transient,28.877239557321793,0,0
0,1,1,3,2,0,0,0,0,0,A,D,7,No Deposit,0,Transient-Party,83.25548193354024,1,0
1,144,2,2,1,0,0,0,1,0,A,A,1,No Deposit,0,Transient,137.9985962244193,0,0
0,184,16,1,2,0,0,0,0,0,F,D,2,No Deposit,0,Transient,78.55512554276012,0,1
0,423,0,1,3,0,0,0,0,0,A,G,0,No Deposit,0,Transient,48.194552460247856,1,0
0,201,1,2,1,2,0,0,0,0,E,A,1,No Deposit,0,Transient,50.8007322702979,0,0
0,383,3,1,2,0,0,0,1,0,D,A,1,No Deposit,0,Transient,62.66929871058161,1,1
0,96,6,1,1,0,0,0,0,0,D,F,1,No Deposit,0,Transient,62.19063266846051,0,0
0,331,2,1,1,0,0,0,0,0,A,G,0,No Deposit,0,Transient,50.6495055578481,0,1
0,0,3,2,2,0,0,0,0,0,A,A,0,No Deposit,0,Group,49.14460339072468,0,0
1,0,2,2,3,0,2,0,0,0,A,E,1,No Deposit,9,Transient,50.376000426119205,0,1
0,283,1,3,2,1,0,0,0,0,A,D,1,No Deposit,0,Transient,40.17423432653902,0,1
1,372,0,2,1,2,0,0,0,0,D,A,1,No Deposit,15,Transient,91.7352965730014,0,1
1,120,0,4,1,0,0,0,0,0,A,D,0,No Deposit,38,Transient,99.59886184519391,0,2
1,233,0,1,2,0,0,0,5,0,A,A,0,No Deposit,0,Transient,23.740128157809384,0,1
0,0,16,40,2,0,0,0,0,0,A,A,4,No Deposit,111,Transient-Party,139.948416197791,0,3
0,155,1,2,2,0,0,0,0,0,G,A,0,No Deposit,0,Transient,149.41865834381844,0,0
0,196,0,2,2,0,0,1,0,0,A,E,0,No Deposit,0,Contract,97.41224085215339,0,1
0,196,1,3,2,0,0,0,1,0,A,C,0,No Deposit,0,Transient,148.51859496788916,0,1
1,283,0,1,2,0,0,0,19,0,H,A,0,No Deposit,0,Transient,99.9130621797913,0,0
0,167,9,4,2,0,0,0,0,0,A,A,0,No Deposit,0,Transient,99.03985965175795,0,0
0,0,1,0,1,0,0,0,0,0,G,A,0,No Deposit,0,Transient-Party,52.80840264625383,0,0
0,8,2,1,2,0,0,0,0,0,A,A,0,No Deposit,60,Transient,80.58040631778069,0,0
1,1,3,2,1,0,1,0,0,0,A,A,0,No Deposit,0,Transient-Party,80.35702794191214,0,0
0,59,0,19,4,3,0,0,0,0,G,D,1,Non Refund,0,Transient,97.85051107218885,0,2
0,1,0,2,2,0,0,0,0,0,A,A,5,No Deposit,0,Transient,122.71569578852923,0,0
0,265,9,2,2,0,0,0,0,0,A,A,1,No Deposit,0,Transient,209.87962176161582,0,0
1,1,2,2,1,0,0,0,0,0,E,A,1,No Deposit,0,Transient-Party,36.57909574109873,0,0
0,0,2,0,2,0,0,0,0,0,B,A,1,No Deposit,0,Transient,62.870565728411584,0,1
0,28,0,1,2,0,0,0,0,0,A,A,1,No Deposit,0,Transient-Party,77.29344756544776,0,0
0,107,1,4,2,0,0,0,0,0,A,F,0,No Deposit,0,Transient,92.37626341735732,1,0
0,307,0,4,4,0,0,0,0,8,A,A,0,No Deposit,0,Transient,182.92094656938963,0,1
1,263,0,1,2,0,0,0,0,0,A,F,3,No Deposit,0,Transient-Party,120.07853564655568,0,0
0,462,3,1,2,0,0,0,0,0,A,D,0,No Deposit,0,Transient,82.06160264415531,0,0
0,104,0,3,2,0,0,0,0,0,A,H,0,No Deposit,0,Contract,77.35949619035964,0,2
0,281,0,4,2,0,0,0,0,0,D,D,2,No Deposit,0,Transient,83.6352285668464,1,2
1,0,1,1,1,0,0,0,0,0,A,A,1,No Deposit,0,Transient,93.86872035430721,0,0
0,0,2,10,2,0,0,0,0,0,A,I,1,No Deposit,0,Transient,47.73426287295841,0,0
0,14,1,3,4,0,0,0,1,0,A,C,2,No Deposit,0,Transient,106.55524241454106,0,0
1,134,1,2,2,0,0,0,0,0,A,C,0,No Deposit,0,Transient,83.04198883869519,1,1
0,149,1,2,2,0,1,0,0,0,A,E,0,Non Refund,0,Transient,137.67580302110701,0,1
0,326,1,2,2,0,0,1,0,0,A,A,0,No Deposit,0,Transient-Party,25.62963922470712,0,0
0,17,0,0,2,0,0,0,0,0,E,A,0,Non Refund,0,Transient,30.759578241111445,1,0
1,191,0,4,2,2,0,0,5,0,A,G,0,No Deposit,0,Transient,127.6062645509748,1,0
0,433,1,4,2,0,0,0,19,0,D,D,1,Non Refund,0,Transient,77.52015824143965,0,3
0,22,1,3,2,1,0,0,0,0,A,A,8,No Deposit,0,Transient,115.87018601772365,0,0
0,47,1,11,1,0,0,0,0,0,A,B,0,No Deposit,0,Transient,147.2727481198259,0,0
0,78,1,0,2,0,0,0,0,0,A,G,0,No Deposit,0,Transient,128.4598031751035,0,1
0,6,1,19,2,0,0,0,0,0,F,A,1,No Deposit,0,Transient,71.19919670277707,1,1
0,269,2,1,2,0,0,0,26,0,A,F,0,No Deposit,0,Transient,135.3526082718958,1,0
0,0,2,1,2,0,0,0,0,0,A,A,1,No Deposit,0,Transient,62.180079845861194,0,0
0,53,2,2,2,0,0,0,0,0,D,A,1,No Deposit,0,Transient,69.01133900048308,1,0
0,0,2,4,2,0,0,0,0,0,A,A,0,No Deposit,0,Transient,67.50038822345834,0,0
0,217,2,3,2,0,0,0,24,0,A,A,0,No Deposit,0,Transient,158.2738400623652,0,2
1,248,1,4,2,0,1,0,0,0,A,A,1,No Deposit,0,Transient,162.14134112933243,0,0
0,0,2,16,1,0,0,0,0,0,A,A,0,No Deposit,0,Transient,88.17630711075387,0,1
0,385,1,0,2,2,2,0,0,0,E,C,8,No Deposit,0,Contract,42.447732359607116,0,0
0,358,2,1,2,0,0,0,0,0,F,E,0,No Deposit,0,Transient,168.2204683154292,1,1
0,2,0,2,1,0,0,0,0,0,A,G,3,No Deposit,0,Transient,125.36111130148339,0,0
0,0,2,11,3,2,0,0,0,0,A,D,0,No Deposit,0,Transient,93.52981608905907,0,1
1,29,0,2,2,0,0,0,0,0,A,A,0,No Deposit,0,Transient,62.52405297963326,0,0
0,35,0,1,2,0,0,0,0,0,E,A,0,No Deposit,0,Transient,247.33163025030515,0,1
0,36,1,3,1,0,0,0,0,0,A,A,0,Non Refund,0,Transient,116.07388426183152,0,3
1,29,2,7,2,0,0,0,0,0,A,A,5,No Deposit,0,Transient,78.68819384964405,0,0
1,72,2,1,2,0,0,0,0,0,A,E,1,Non Refund,0,Transient,129.33640491492693,2,0
1,56,0,2,2,0,0,1,0,0,A,D,0,No Deposit,0,Transient,67.69812750365337,0,0
1,0,1,3,1,2,0,0,0,0,G,E,0,No Deposit,0,Transient,146.21866992500506,0,0
1,86,1,3,2,1,0,0,0,0,D,A,1,No Deposit,0,Transient,113.38874073731222,0,0
0,1,2,19,2,0,0,0,0,0,A,D,0,No Deposit,0,Transient-Party,52.37223036875187,0,0
1,89,0,3,2,0,0,1,0,0,E,B,1,No Deposit,59,Transient-Party,78.34910733506894,0,0
0,21,1,7,3,3,2,0,0,1,G,D,1,No Deposit,0,Transient,65.48415433167831,0,3
0,50,2,4,2,0,0,0,0,0,A,A,8,No Deposit,0,Transient,53.445202151501334,0,3
0,82,1,1,1,0,0,0,0,0,A,A,0,No Deposit,0,Transient,91.87604098448537,0,0
0,201,2,1,2,0,0,1,24,0,A,A,13,No Deposit,0,Transient,111.15091012556397,0,0
0,1,0,1,1,0,0,0,0,0,A,A,6,No Deposit,0,Transient,109.50892584900177,0,0
0,117,1,2,2,1,0,0,0,0,A,A,2,Non Refund,0,Transient-Party,100.95782633663903,0,0
0,4,0,2,3,0,0,0,0,0,A,I,4,No Deposit,23,Transient,182.07429939756966,1,0
0,43,1,2,2,0,0,0,1,2,D,D,2,No Deposit,0,Transient,89.05113601675947,0,0
0,338,1,5,2,0,0,0,0,0,F,K,0,No Deposit,0,Transient,67.76262007554627,0,0
0,53,2,1,4,1,0,0,0,0,A,A,1,No Deposit,0,Transient,18.660256293075,0,3
1,196,6,1,2,0,0,0,2,0,A,E,0,No Deposit,0,Transient,85.31871262409095,0,1
1,311,2,3,3,0,0,1,0,0,A,C,1,No Deposit,98,Transient,35.48720841454637,0,0
0,443,1,5,4,0,2,0,0,0,A,A,0,No Deposit,0,Transient,73.90862373504608,0,1
0,70,0,2,1,0,0,0,0,0,A,A,1,No Deposit,0,Transient,233.56458629335276,0,0
0,23,0,2,1,0,0,0,0,0,A,A,0,No Deposit,0,Transient-Party,134.48747101276442,0,0
0,3,0,2,3,0,0,0,0,0,A,A,1,No Deposit,0,Transient-Party,34.99003588309681,0,1
0,87,2,2,2,0,0,0,0,0,D,A,0,No Deposit,0,Transient,92.90358030649054,0,0
0,255,0,3,2,0,0,1,0,0,A,A,4,No Deposit,0,Transient,51.53435572688262,0,0
0,57,1,2,2,0,0,1,0,0,D,A,1,No Deposit,0,Transient,78.13339350684005,0,3
1,92,0,5,2,0,1,0,0,0,A,F,0,No Deposit,0,Transient,174.40425430787434,0,0
1,177,2,3,1,0,0,0,0,0,A,A,5,No Deposit,0,Transient,111.70995135323281,0,1
1,1,1,0,2,0,0,0,0,0,A,K,1,No Deposit,0,Transient,95.30986826556273,0,1
0,270,1,0,2,0,0,0,0,0,A,D,1,No Deposit,0,Transient,87.57917754222805,0,0
0,17,3,9,2,0,0,0,0,0,C,D,1,No Deposit,0,Transient,67.61883782166913,0,4
0,3,2,1,1,0,0,0,0,0,A,D,0,No Deposit,0,Transient,78.85838386464877,0,2
0,5,2,1,2,0,0,0,0,0,A,A,1,No Deposit,0,Transient,91.72289005585822,0,0
0,71,2,1,2,0,0,0,0,0,A,A,0,No Deposit,0,Transient,37.15462649092235,0,0
0,2,1,40,2,0,0,0,0,0,A,A,0,No Deposit,0,Transient,157.2231122874724,0,1
0,333,1,1,2,0,0,1,0,0,B,G,1,No Deposit,0,Transient,49.48525268277433,0,0
1,594,1,0,2,0,0,0,0,0,D,E,5,No Deposit,0,Transient-Party,74.85171119550456,1,4
0,124,0,2,2,2,0,0,0,0,A,E,0,No Deposit,0,Transient,188.75802251867157,0,1
0,0,0,5,2,0,0,0,0,0,A,E,0,No Deposit,0,Transient,78.16650062667604,0,0
0,84,2,12,2,0,0,0,0,0,A,A,0,No Deposit,0,Transient,22.63904794516338,0,0
0,197,2,1,3,0,0,0,0,0,A,A,0,No Deposit,70,Transient,93.64221243286646,0,1
0,4,0,1,2,0,0,0,3,0,A,A,0,No Deposit,0,Transient-Party,52.556410459370454,0,3
1,291,0,4,2,0,0,0,0,0,A,E,1,No Deposit,187,Transient,105.13393905676918,0,0
0,2,2,3,2,0,0,0,5,0,A,A,0,No Deposit,0,Transient-Party,155.77474016639147,0,2
1,175,0,0,2,0,0,0,0,0,A,A,1,No Deposit,0,Transient,55.47799835741267,2,1
1,125,2,2,2,3,0,1,1,11,D,D,0,No Deposit,0,Transient,89.77164030602538,0,3
1,1,4,2,2,0,0,0,0,0,A,A,0,No Deposit,0,Group,121.59708382759862,1,0
0,1,0,2,1,0,0,0,0,0,G,A,0,No Deposit,0,Transient,92.70592237663854,0,1
0,85,0,2,1,0,0,0,0,0,A,A,0,No Deposit,0,Transient-Party,62.662765891574594,1,1
0,245,2,10,2,0,0,0,0,0,A,A,0,No Deposit,0,Transient,95.39115407085522,0,0
0,285,2,1,1,0,0,0,0,0,A,A,0,Non Refund,0,Transient,147.71301996102204,0,1
0,143,2,1,2,0,1,1,0,0,A,A,0,Refundable,0,Transient,55.690303374304555,0,0
0,0,2,2,2,0,0,0,0,0,A,D,1,No Deposit,70,Transient,142.09307951085287,0,1
0,16,0,2,2,0,0,0,0,0,D,E,0,No Deposit,0,Transient,96.17564128407412,0,1
1,327,1,2,2,0,0,1,0,0,A,A,0,No Deposit,0,Transient,177.70725947292965,0,0
0,0,1,3,1,0,0,0,0,0,A,A,1,No Deposit,101,Transient,127.12928808797604,0,0
1,115,3,7,2,0,0,0,0,0,A,F,1,Non Refund,0,Transient,75.8405597356031,0,0
1,411,0,2,2,0,0,0,0,0,A,A,6,No Deposit,0,Transient,114.6828319212865,0,0
0,230,1,1,2,0,0,0,0,0,C,A,1,Non Refund,0,Transient-Party,152.86554546041378,0,0
1,4,1,1,4,0,0,0,0,0,A,A,3,No Deposit,0,Contract,16.41962044638875,1,0
0,44,0,2,2,0,0,0,0,0,B,D,0,No Deposit,0,Transient,43.4860716613182,0,1
0,166,1,2,1,0,0,0,0,0,A,A,6,No Deposit,0,Transient,93.59258078833483,0,0
0,129,0,2,2,0,0,0,1,0,D,D,5,No Deposit,0,Transient,75.26596527310664,1,0
1,0,0,1,3,0,0,0,0,0,A,A,1,No Deposit,0,Transient,151.56427522250968,0,1
0,161,2,2,2,1,0,0,2,0,A,F,0,No Deposit,0,Transient,44.91549913016966,0,0
0,256,0,1,2,0,0,0,0,0,G,A,0,Non Refund,0,Transient,52.85347793861641,0,1
0,0,4,1,2,0,0,0,0,0,A,A,1,No Deposit,0,Transient,71.50860123940276,0,0
0,4,0,2,1,1,0,0,0,0,A,A,0,Non Refund,0,Transient,60.413578143520795,0,0
0,3,0,2,2,0,0,0,0,0,A,H,0,Non Refund,0,Transient,67.50716905637282,0,0
0,4,1,1,2,0,0,0,0,0,A,D,0,No Deposit,0,Transient,35.8277912937977,0,1
0,322,2,0,2,0,0,0,0,0,A,A,1,Non Refund,0,Transient,124.50641924185022,0,4
0,312,1,2,2,0,0,0,0,0,A,F,0,No Deposit,0,Transient,95.86780271895576,0,1
1,161,0,1,0,0,0,0,0,0,D,A,1,No Deposit,0,Transient,130.1573244874424,0,0
1,391,2,2,2,0,0,0,0,0,A,D,1,No Deposit,0,Transient,117.40330598690478,0,0
0,113,1,5,4,1,1,0,0,0,A,A,1,No Deposit,0,Transient,160.99551659592515,0,2
1,398,2,2,3,0,0,0,0,0,A,A,0,No Deposit,0,Transient,108.21366807896737,0,1
0,18,2,2,0,0,0,0,0,0,A,B,0,No Deposit,0,Transient,71.75084866690572,0,0
0,299,2,2,2,0,0,0,0,0,E,A,0,No Deposit,0,Transient,143.68138997913692,0,1
0,267,2,2,3,0,0,0,0,0,A,D,0,No Deposit,45,Transient-Party,-6.202023911402506,0,2
0,0,1,1,2,0,0,0,0,0,A,A,1,No Deposit,0,Transient-Party,119.18525151928173,0,0
0,2,0,11,2,0,0,0,0,0,D,C,1,No Deposit,0,Transient,108.7147234348161,2,1
1,1,0,2,2,0,0,0,0,0,H,A,1,No Deposit,101,Transient,87.29216998419803,0,0
0,0,1,6,3,0,0,0,0,0,A,D,0,Non Refund,0,Transient-Party,283.81071156252665,0,0
0,79,1,3,1,0,0,0,0,0,A,A,0,No Deposit,70,Transient,250.31990377785732,0,3
0,457,2,1,2,0,0,0,0,0,A,E,0,No Deposit,0,Transient,32.7709057818335,0,0
1,34,2,2,3,0,1,0,0,0,A,K,1,No Deposit,0,Transient,100.62080695260845,0,2
0,0,0,19,0,0,0,0,0,0,A,A,2,No Deposit,0,Transient,162.63190710367863,0,2
0,20,1,1,2,0,0,0,0,0,A,A,0,No Deposit,0,Transient,85.97775283650888,0,0
0,192,0,2,1,0,0,1,0,0,A,A,0,No Deposit,0,Transient,50.23217239951316,0,0
0,14,0,0,2,0,0,0,0,0,A,A,13,No Deposit,63,Transient,30.937607898595633,0,0
0,352,0,1,2,0,0,0,0,0,A,D,6,Non Refund,56,Transient,218.86899677568726,0,0
0,373,0,2,2,0,0,0,0,0,A,A,2,No Deposit,0,Transient,54.409533487780365,1,1
1,0,0,2,1,0,0,0,0,0,A,A,0,No Deposit,0,Transient,74.82071989183365,0,1
0,89,0,0,2,0,0,0,0,0,A,A,0,No Deposit,0,Transient-Party,60.98824436944251,1,0
0,0,5,1,2,2,0,0,1,0,E,A,0,No Deposit,33,Transient,94.8984009534712,0,0
1,139,1,2,1,0,0,0,1,0,A,B,0,No Deposit,0,Transient,77.68696551105035,0,1
1,1,2,1,4,0,0,0,0,0,A,D,2,No Deposit,0,Transient-Party,95.57580894467083,0,0
1,136,2,2,2,0,0,0,0,0,A,E,0,Refundable,23,Transient,110.77186693682552,0,1
0,0,0,2,1,0,0,0,0,0,A,A,0,No Deposit,0,Transient,86.60928009168995,0,0
1,172,1,2,3,0,0,0,0,0,A,A,1,No Deposit,0,Transient,51.090074489722255,0,3
1,18,2,4,3,2,0,0,0,0,A,A,0,No Deposit,0,Transient,92.07131172798242,1,0
0,69,2,0,2,1,0,0,0,0,D,A,0,No Deposit,0,Transient,69.06173250814565,0,0
0,159,1,2,2,0,0,0,0,0,D,D,0,No Deposit,0,Transient-Party,104.24776059583327,0,1
0,239,0,12,4,0,0,0,0,0,E,A,2,No Deposit,0,Transient,91.11283950493437,0,1
0,355,2,1,2,0,0,0,0,0,A,D,0,No Deposit,0,Transient,83.38948450807452,0,1
0,167,1,1,1,1,0,0,0,0,A,A,1,No Deposit,0,Transient,117.97895316494326,0,2
0,100,0,2,2,0,0,0,0,0,D,D,1,No Deposit,0,Transient,162.79706786758035,0,1
1,93,0,3,1,0,0,0,0,0,D,A,0,No Deposit,0,Transient,115.12507196318295,0,0
0,196,0,2,2,0,0,0,0,0,A,A,1,No Deposit,0,Transient,45.455809383582675,0,0
0,188,1,6,1,0,0,0,0,0,B,A,0,No Deposit,0,Transient,86.74197369716967,0,1
0,1,1,4,0,0,0,0,0,0,A,A,0,No Deposit,0,Transient-Party,78.3341905332097,0,2
1,160,0,2,2,0,1,0,0,0,A,A,0,No Deposit,0,Transient,111.32811372757274,0,0
0,77,0,2,4,0,0,0,0,0,A,A,1,No Deposit,0,Transient,75.91945800846109,1,3
0,626,1,2,2,0,0,0,0,0,A,A,3,No Deposit,0,Transient,64.356768870372,0,3
0,2,0,3,1,0,0,0,0,0,A,A,1,No Deposit,81,Transient,60.19784521805151,1,0
0,143,0,1,3,0,0,0,0,0,A,A,0,No Deposit,0,Transient,48.66345610602152,0,4
0,0,0,2,1,0,0,0,0,0,D,H,0,No Deposit,0,Transient,36.41845099575718,0,0
0,160,1,10,2,0,0,0,0,0,C,I,0,No Deposit,93,Transient-Party,101.24322419923234,0,1
0,55,9,1,4,0,1,0,0,0,C,A,0,Non Refund,0,Transient,91.14092051797661,1,0
0,5,1,1,2,0,0,0,0,3,A,A,2,No Deposit,62,Transient,124.30352154731172,0,2
0,4,2,1,1,0,0,0,0,0,A,A,5,No Deposit,0,Transient-Party,134.201608391722,0,2
0,1,0,0,2,0,0,0,0,0,A,A,1,Non Refund,0,Transient,103.24391303810637,0,0
0,1,0,5,2,0,0,0,0,0,A,A,1,No Deposit,0,Transient,124.75362378030394,0,2
1,1,1,3,2,0,0,0,0,0,A,I,1,No Deposit,0,Transient,44.368225436583835,0,0
1,145,1,19,2,0,0,0,0,0,A,C,8,No Deposit,0,Transient,94.02029953976776,0,0
0,166,0,1,2,0,0,0,0,0,D,A,1,No Deposit,0,Transient,93.58954569472647,0,0
0,25,0,1,2,0,0,0,0,0,G,A,0,Non Refund,0,Transient-Party,150.90363504609988,1,0
0,52,2,2,2,0,0,0,0,0,A,A,1,No Deposit,0,Transient,84.66401750824745,1,2
0,9,2,2,1,0,0,0,11,0,A,G,0,No Deposit,6,Transient,64.34650390004136,0,0
0,0,1,2,2,0,0,0,0,0,A,A,2,No Deposit,0,Contract,133.32992168253557,0,2
1,0,2,2,2,2,0,0,0,0,D,A,0,No Deposit,0,Transient-Party,113.08502557285459,0,1
1,336,2,3,2,0,0,0,1,0,A,A,0,No Deposit,0,Transient,112.7783245827024,0,1
0,76,2,2,2,0,0,0,0,0,A,F,1,No Deposit,0,Transient,84.16652221125564,1,3
0,2,4,0,2,0,0,0,0,0,E,A,5,No Deposit,23,Transient,66.06780966834327,0,0
0,79,1,4,2,0,0,0,0,0,A,A,1,No Deposit,0,Contract,134.51836135897994,0,2
0,68,2,5,2,0,0,1,0,0,A,C,0,No Deposit,0,Transient,159.8188824272824,0,0
1,28,2,0,2,3,0,0,0,0,A,E,0,No Deposit,0,Transient-Party,73.0232838292318,1,1
0,89,0,5,2,0,0,1,0,0,E,F,0,Non Refund,0,Transient-Party,138.55454069485788,0,0
0,1,1,1,2,0,0,0,0,0,C,A,0,No Deposit,0,Transient-Party,24.818159073448854,0,1
0,1,0,5,2,0,0,0,0,0,A,A,0,No Deposit,0,Transient,88.15083213596168,0,0
0,8,0,1,2,0,0,0,0,0,A,G,0,Non Refund,0,Transient-Party,38.4107447543703,0,0
0,126,0,5,2,0,0,0,0,0,A,A,1,No Deposit,3,Transient,173.54123666764684,1,1
0,312,2,1,2,0,0,0,0,0,A,H,5,No Deposit,0,Transient,117.26840756773952,0,3
0,1,2,2,0,0,0,0,0,0,A,A,5,No Deposit,0,Transient-Party,77.77082520920162,0,0
1,0,0,11,2,0,0,0,0,0,E,A,0,No Deposit,0,Transient,111.96995307143486,0,2
1,368,1,2,0,0,0,0,0,0,A,D,0,No Deposit,0,Transient-Party,72.50910543296003,0,0
1,258,1,3,2,3,0,0,0,0,A,A,1,No Deposit,0,Transient,79.11732124467946,0,0
1,46,1,1,2,2,0,0,0,0,D,A,0,No Deposit,0,Transient,72.16432193312268,0,0
0,457,0,4,2,2,0,0,0,0,H,D,0,No Deposit,0,Transient,98.56328000182516,0,0
1,1,0,4,1,0,0,0,0,0,A,A,3,Non Refund,0,Transient,31.515057187110713,0,0
1,0,0,2,2,0,0,0,0,0,A,A,0,No Deposit,0,Transient,98.47062149770635,0,2
1,21,0,1,1,0,0,0,0,0,F,A,2,No Deposit,0,Transient,102.38342100404844,0,0
0,281,0,1,2,0,0,0,0,0,D,A,1,No Deposit,0,Transient,83.29375291852728,0,0
1,104,8,4,1,2,0,0,0,0,A,B,2,No Deposit,0,Transient,79.58317842251388,0,1
0,95,4,1,2,0,0,1,0,0,A,A,0,No Deposit,0,Transient,67.08568211339929,0,0
1,175,2,2,1,0,0,0,0,0,A,F,0,Non Refund,75,Transient-Party,181.40961833775333,0,2
0,0,0,3,2,0,0,0,0,0,F,D,0,No Deposit,0,Transient-Party,84.32903662901192,2,1
0,323,0,19,2,0,0,0,0,0,A,A,1,No Deposit,0,Transient,57.00964161718106,0,0
0,41,1,4,2,0,0,1,0,0,E,D,1,No Deposit,0,Transient-Party,167.03382355461054,0,2
1,119,0,5,2,0,0,0,0,0,D,A,0,No Deposit,0,Transient,283.87461901030457,0,0
0,186,0,1,1,0,0,0,0,0,G,A,0,No Deposit,0,Group,28.34917692468551,0,0
0,134,0,1,2,0,0,0,0,0,A,D,1,No Deposit,111,Transient,95.45379754478344,0,0
0,33,9,5,2,0,0,0,0,0,A,D,1,Non Refund,0,Transient-Party,160.69972431354577,0,0
0,168,0,1,2,0,0,1,0,0,A,A,0,No Deposit,0,Group,167.86122224197408,1,0
0,377,3,3,2,0,0,0,0,0,A,A,0,No Deposit,0,Transient,105.93246415115732,0,0
0,220,2,20,2,0,0,0,0,0,E,A,0,No Deposit,0,Transient,143.2491419834198,0,1
1,422,0,1,1,0,0,0,0,0,A,F,0,No Deposit,0,Transient,103.25028112357313,0,2
0,177,2,1,3,1,0,0,3,0,A,E,1,No Deposit,0,Transient,87.07439430459905,0,1
0,93,0,1,1,0,0,1,0,0,C,D,0,No Deposit,0,Transient,67.13465431619818,0,0
0,587,2,3,2,0,0,0,0,0,A,A,6,No Deposit,259,Transient,76.25161363161551,0,2
0,70,2,1,2,0,0,0,0,0,F,B,0,No Deposit,0,Transient,88.42447928243206,1,0
0,0,0,2,2,0,0,1,0,0,A,D,0,No Deposit,0,Transient-Party,52.15153218266548,0,0
0,292,0,0,4,0,0,1,0,0,A,E,0,No Deposit,0,Transient,151.01186697230645,0,0
0,37,2,5,2,1,0,0,0,0,A,A,0,No Deposit,0,Transient-Party,71.77867422359562,0,3
0,0,3,2,3,2,0,0,0,0,A,A,1,No Deposit,0,Transient,62.468932187881634,0,1
0,122,16,1,2,0,0,0,0,0,A,K,0,No Deposit,0,Transient,36.1099087909881,0,0
1,354,16,3,2,0,0,0,0,0,G,A,2,No Deposit,0,Transient,174.22510964673873,0,1
0,96,2,2,2,0,1,0,0,11,A,D,5,No Deposit,0,Transient,75.70027033450295,1,2
1,0,1,3,2,0,0,0,0,0,B,D,0,No Deposit,120,Transient-Party,95.29467139324679,0,3
0,173,1,7,1,0,0,0,0,0,A,A,0,No Deposit,0,Transient,89.21468383394041,0,0
0,293,2,3,1,0,0,1,0,0,A,A,1,Non Refund,0,Transient,70.36858272926118,0,1
0,28,0,6,2,2,0,0,0,0,A,H,1,No Deposit,0,Transient,114.1206910331023,0,0
0,265,0,2,0,0,0,0,0,0,A,D,1,Non Refund,0,Transient,217.12786071807807,0,0
0,28,1,1,1,0,0,0,0,2,A,D,0,No Deposit,0,Transient,78.58861680281362,0,0
0,315,2,14,1,0,0,0,0,0,A,A,0,No Deposit,0,Transient,145.3412858129956,0,0
0,147,1,4,2,0,0,0,0,0,A,A,0,No Deposit,59,Transient,88.98590476222847,0,1
0,167,1,1,1,1,0,0,0,0,A,D,1,No Deposit,0,Transient-Party,124.98040979508373,0,3
0,188,1,3,1,0,0,0,0,3,A,A,0,No Deposit,0,Transient,77.04631044454344,0,3
0,326,1,1,1,1,0,1,0,0,G,D,1,No Deposit,55,Transient,70.54537799396485,0,2
1,0,1,2,3,0,0,0,0,0,A,E,0,No Deposit,0,Transient,128.1573929232338,0,0
0,313,2,3,2,0,0,0,0,0,A,A,0,No Deposit,0,Transient,25.6806575959101,0,0
0,247,2,0,2,3,0,0,0,0,A,A,4,No Deposit,0,Transient-Party,66.7371141731652,0,1
0,391,0,2,1,0,0,0,0,0,E,A,1,No Deposit,0,Transient-Party,137.3033849452154,0,0
0,252,0,0,2,0,0,0,0,0,A,D,0,No Deposit,0,Transient,28.399118249242008,0,0
0,1,2,1,2,0,0,0,0,0,A,C,0,No Deposit,0,Transient-Party,108.03372551343536,0,0
0,342,1,2,2,0,0,1,0,0,D,A,0,Non Refund,0,Transient,70.31808959012835,0,0
1,1,2,1,1,0,0,0,0,0,D,E,2,No Deposit,0,Transient,220.6362912681604,0,0
0,206,0,3,1,1,0,0,0,0,A,A,1,Non Refund,0,Transient,85.41164275948884,0,1
0,260,0,3,2,1,0,0,0,10,A,I,0,No Deposit,0,Transient,71.83763724434868,0,0
0,450,2,1,2,0,0,0,0,0,A,D,0,No Deposit,22,Transient,124.18176718828366,0,1
0,174,0,1,1,0,0,0,1,0,A,C,3,No Deposit,0,Transient,148.19682131214094,0,2
0,355,2,2,2,0,0,0,0,0,D,G,0,No Deposit,0,Transient,70.20616545124318,0,2
0,338,3,2,2,0,0,0,0,0,F,H,1,No Deposit,0,Transient,56.362061283095954,0,0
0,21,0,1,2,2,1,0,0,0,A,A,0,No Deposit,0,Transient,109.8834234142144,0,0
1,15,1,2,2,0,0,0,2,0,C,D,1,No Deposit,0,Transient,112.6489349426056,0,1
0,29,0,2,2,0,0,0,0,0,A,A,1,Non Refund,0,Transient,148.7925266712583,0,0
0,145,1,2,1,0,0,0,0,0,A,E,0,No Deposit,0,Transient-Party,98.72845940138563,0,4
1,1,2,2,2,1,0,0,0,0,D,E,0,No Deposit,0,Transient-Party,32.860973794402724,0,1
0,0,1,0,2,0,0,0,0,0,A,A,1,No Deposit,0,Transient,161.29952189235524,0,0
0,14,1,1,3,0,0,0,0,0,A,A,1,No Deposit,87,Transient,207.26171971468875,0,0
1,176,1,2,2,0,1,0,24,0,A,D,0,No Deposit,0,Transient,126.14208291103807,0,1
0,44,2,10,1,0,0,1,0,0,A,B,0,No Deposit,147,Transient,63.76754940153026,1,0
0,360,0,3,1,0,0,1,0,0,A,A,3,No Deposit,0,Transient-Party,97.39054879203282,0,1
0,38,0,0,2,0,0,0,0,0,D,G,0,Non Refund,0,Transient-Party,110.3831100079455,0,0
0,0,0,1,2,0,0,0,0,0,A,A,2,No Deposit,0,Transient,68.57647873222345,0,0
0,240,4,5,1,0,0,1,0,0,A,D,0,No Deposit,33,Transient,173.86786398510165,0,0
0,25,2,1,1,0,0,0,0,0,C,D,1,No Deposit,0,Transient,165.5929322337728,0,2
0,17,2,2,1,0,0,0,0,0,A,D,0,No Deposit,0,Transient,132.3781391672783,0,0
1,197,2,4,2,0,0,0,0,0,A,A,0,No Deposit,31,Transient,31.90725881942827,0,0
0,272,2,1,2,1,0,0,1,0,A,B,0,No Deposit,0,Transient,55.48640242879925,0,1
0,67,0,1,2,0,0,0,0,0,A,A,0,No Deposit,0,Transient-Party,105.45229309272776,0,0
0,183,2,2,2,3,0,0,0,0,A,A,0,No Deposit,0,Transient,117.69916189808293,0,2
0,2,1,0,1,0,0,0,0,0,A,A,1,No Deposit,0,Transient,39.641342092906584,0,0
0,0,2,4,2,1,1,0,0,0,A,A,1,Non Refund,0,Transient,87.82589217218589,0,2
0,355,3,2,1,0,0,0,0,0,A,A,0,No Deposit,109,Transient-Party,52.562687769782784,0,0
1,155,2,1,2,2,0,0,0,0,B,A,0,No Deposit,0,Transient-Party,40.358617298689936,0,0
0,69,0,1,2,0,0,0,0,0,A,A,0,No Deposit,0,Transient,77.09496088623435,0,4
1,171,1,2,2,0,0,0,0,0,E,A,0,No Deposit,0,Contract,52.21161661159715,0,2
0,96,1,3,2,0,0,0,0,9,A,D,0,No Deposit,0,Transient,38.772631462909565,0,0
0,3,0,1,1,0,0,0,0,0,A,C,0,No Deposit,162,Transient,38.088702606200556,0,0
1,257,1,4,2,0,0,0,0,0,A,A,4,Non Refund,27,Transient,105.4478574058502,0,1
0,80,6,5,1,2,0,0,0,0,E,I,0,No Deposit,38,Transient,88.87987270945403,1,0
1,448,0,2,2,1,0,0,0,0,D,D,0,No Deposit,0,Transient,72.38972236694268,0,0
0,296,5,40,1,0,0,0,0,0,A,A,0,No Deposit,0,Transient,109.44951660614345,1,1
1,75,0,1,2,0,0,0,0,0,A,D,0,No Deposit,59,Transient,70.60366186125346,0,1
0,231,0,2,2,0,0,0,0,0,D,G,1,Refundable,0,Transient,66.17441279347928,0,0
0,191,0,1,1,0,0,0,0,0,B,A,1,No Deposit,0,Transient,158.50580481023047,0,2
0,62,2,4,2,0,0,0,0,0,A,A,1,No Deposit,0,Transient,143.34416707443953,0,0
0,180,9,1,1,0,0,0,0,0,D,A,0,No Deposit,0,Transient,203.26621461496742,0,0
0,13,1,2,1,0,0,0,3,0,L,A,0,No Deposit,0,Transient,52.32468820890977,0,0
0,20,1,3,2,0,0,0,0,0,A,K,1,No Deposit,0,Transient,17.234959141197116,0,0
0,22,3,2,1,0,0,0,1,0,A,A,0,No Deposit,60,Transient,53.14407408752171,0,0
0,49,2,1,1,0,0,1,0,25,G,F,0,Non Refund,0,Transient,57.67340931036726,0,1
1,265,2,4,2,0,0,0,0,0,A,G,0,Non Refund,0,Transient,118.94054593865906,0,0
0,46,3,2,2,0,0,0,1,0,A,A,0,No Deposit,0,Transient,70.8989292696753,0,0
1,1,2,2,2,0,1,0,0,0,A,E,0,No Deposit,0,Transient,294.36378246978757,0,0
0,78,0,1,2,0,0,0,0,0,E,A,0,No Deposit,0,Transient,75.6810356794739,0,1
0,518,2,0,2,0,0,0,0,0,A,A,0,No Deposit,0,Transient,34.89954592617901,0,1
1,1,0,1,2,0,0,0,0,0,A,D,0,No Deposit,0,Transient,135.90810925509672,0,0
1,115,3,2,2,0,0,0,0,0,E,A,1,No Deposit,0,Transient-Party,36.07237580297104,0,1
1,476,0,4,2,0,1,0,0,0,A,A,0,No Deposit,0,Transient,103.94075685216195,1,0
1,279,0,1,2,0,0,0,0,0,A,E,1,No Deposit,0,Contract,112.91608427022982,0,0
0,6,0,5,1,0,0,0,0,0,A,C,0,No Deposit,0,Transient,176.02016624839098,1,0
1,566,3,5,3,0,0,0,1,0,A,A,1,No Deposit,68,Group,114.22275413110239,0,2
0,111,2,1,3,0,1,0,0,0,A,C,0,No Deposit,0,Transient,109.79163616666811,0,0
0,192,1,4,2,3,0,0,0,0,A,D,0,No Deposit,0,Transient-Party,118.9895274325956,1,3
0,406,2,7,2,0,0,0,11,0,A,C,0,Non Refund,0,Transient,228.10170121281595,0,2
0,187,1,2,2,0,0,0,0,0,D,A,0,Non Refund,0,Contract,22.78416862672946,1,2
1,115,0,3,1,0,0,0,0,0,E,A,0,No Deposit,0,Transient,69.9665444533029,0,0
1,0,1,1,1,0,0,0,19,0,C,A,0,No Deposit,0,Transient-Party,52.10222073338628,0,1
0,274,1,2,2,0,0,0,0,0,A,D,0,No Deposit,0,Transient,240.6377855681194,0,0
0,146,1,3,1,2,0,0,0,0,A,D,0,No Deposit,0,Transient,72.32009633788053,0,0
0,49,0,1,2,0,0,1,0,0,G,A,0,No Deposit,0,Transient,148.4683918537448,0,2
0,272,0,10,2,0,0,0,0,0,E,A,0,No Deposit,0,Transient,106.05368722786704,0,2
1,26,1,4,2,1,0,1,0,0,A,A,0,No Deposit,0,Transient,66.77940233108154,1,1
0,594,2,2,2,0,2,0,0,0,A,A,0,Non Refund,0,Transient,95.05918113027575,0,1
1,4,0,15,3,0,0,0,19,0,A,A,1,No Deposit,0,Transient,64.61498945126604,0,0
0,298,4,2,2,0,0,0,0,0,A,A,0,No Deposit,0,Group,61.91123309143748,0,0
1,1,0,1,2,0,0,0,0,1,A,A,1,No Deposit,0,Contract,74.61248588226543,0,0
1,1,1,4,1,0,0,0,0,0,A,E,1,No Deposit,0,Transient,61.575388265719376,0,0
0,4,1,4,1,0,0,1,0,0,A,D,2,No Deposit,0,Transient,142.02467153003002,0,1
0,82,2,4,1,0,0,0,0,0,D,G,0,No Deposit,0,Transient,85.8632630983921,0,0
1,107,2,0,2,-1,0,0,0,0,A,H,1,No Deposit,0,Transient-Party,120.06167214403928,0,3
0,268,16,1,2,0,0,1,0,0,E,A,0,No Deposit,0,Transient-Party,78.53275028410528,0,1
0,105,1,1,2,0,0,0,0,0,D,E,1,Non Refund,0,Transient,49.033042124991304,0,0
0,180,1,2,1,0,0,0,0,0,A,F,0,No Deposit,0,Transient,97.8708507251478,0,0
1,11,9,3,1,0,0,0,0,0,A,A,2,No Deposit,0,Transient,86.28647619291868,0,0
1,0,0,4,2,0,0,0,0,0,A,I,0,No Deposit,0,Transient,59.662636113457445,0,2
1,253,2,1,2,0,0,0,0,0,A,G,1,No Deposit,42,Transient-Party,146.96099360251438,0,1
1,211,1,2,3,0,0,0,0,0,A,A,1,No Deposit,0,Transient-Party,223.69977342447038,0,0
0,286,0,2,1,0,0,0,0,0,D,A,0,No Deposit,0,Transient,96.38257463396062,0,0
1,115,1,1,2,2,0,0,0,0,A,E,2,No Deposit,0,Transient,65.27499759268855,0,0
1,144,8,1,1,2,0,0,0,0,A,A,0,No Deposit,0,Transient,20.794889522969296,0,0
0,202,1,3,2,0,0,0,0,0,A,A,1,No Deposit,0,Contract,121.48431796064926,0,0
1,10,1,12,0,0,0,0,3,0,D,F,1,No Deposit,0,Transient,88.03853825532468,0,0
0,216,0,3,2,0,0,0,0,0,F,A,0,Non Refund,0,Transient,168.3149760492975,0,4
1,580,2,3,2,0,0,0,0,0,A,A,1,No Deposit,0,Transient,191.90813521767652,0,0
1,0,0,1,3,0,0,0,0,0,A,A,0,Non Refund,0,Transient,77.22731425253347,0,4
0,39,1,3,2,0,0,0,0,0,A,A,1,No Deposit,1,Transient-Party,108.73288925080209,0,0
0,55,2,1,2,0,0,0,0,0,A,A,2,No Deposit,0,Transient-Party,95.9974677399533,0,0
0,187,2,1,1,0,0,0,0,2,A,A,0,Refundable,0,Transient,112.71114589276038,0,1
0,7,2,2,2,0,0,0,0,0,A,A,0,No Deposit,0,Transient,66.55294325993688,0,1
1,13,2,1,2,0,0,0,0,0,A,D,0,No Deposit,0,Transient,73.88250745037512,0,0
1,385,0,1,2,0,0,0,0,0,A,F,1,No Deposit,56,Transient,132.161323476493,0,2
1,213,2,1,2,0,0,0,0,0,E,B,0,No Deposit,0,Transient,48.63434966037354,0,0
0,422,0,2,1,0,0,0,0,0,A,D,6,No Deposit,0,Transient,92.39194285083408,0,0
1,24,1,3,2,0,0,0,0,12,A,A,0,No Deposit,0,Transient,91.14477739941495,0,0
0,147,0,2,2,0,0,0,0,0,A,D,7,No Deposit,0,Transient,126.91740779332693,1,0
1,72,0,4,2,0,1,0,0,0,A,A,0,Non Refund,0,Transient,51.28379493476886,0,0
0,110,1,2,0,0,0,0,0,0,E,F,0,No Deposit,0,Transient,106.4894676563262,0,0
0,259,1,3,2,0,0,0,24,0,A,A,2,No Deposit,0,Transient-Party,94.153364074871,0,1
0,135,0,1,2,0,0,0,25,0,A,A,1,No Deposit,0,Transient-Party,180.3933448500461,0,0
1,5,1,1,2,1,0,0,0,0,G,D,0,No Deposit,0,Transient,150.31464375396146,1,2
0,91,2,1,2,0,0,0,0,0,A,A,0,No Deposit,0,Transient,112.59863639302685,0,1
0,150,0,5,1,0,0,0,0,0,G,D,0,No Deposit,0,Transient,69.63139674408613,0,1
1,110,2,5,1,0,0,1,3,0,A,A,0,No Deposit,0,Transient,149.6821057651623,1,1
0,341,1,5,1,2,0,0,0,0,A,A,0,No Deposit,0,Transient-Party,218.25444567682695,0,0
0,95,0,3,2,0,0,0,0,0,D,A,1,No Deposit,0,Transient,206.84478502096874,0,2
0,302,1,5,2,0,0,0,0,0,A,A,0,No Deposit,0,Transient,51.39443656595067,0,0
0,250,0,5,2,0,0,0,5,0,A,C,13,No Deposit,0,Transient,77.82061237991216,0,0
0,114,1,3,1,0,0,0,0,0,A,E,1,No Deposit,0,Transient-Party,71.13219660263373,0,0
0,0,2,2,2,0,0,0,0,3,A,C,0,No Deposit,0,Transient,177.1692219175343,1,0
0,194,0,0,2,0,0,0,0,0,A,G,0,No Deposit,0,Transient,109.89344411770152,0,0
0,21,1,4,4,0,0,1,0,0,A,A,1,No Deposit,0,Transient-Party,51.96354423606424,0,0
0,12,5,5,2,0,0,0,0,0,A,A,1,No Deposit,0,Contract,126.07824228758827,1,1
1,183,0,1,2,0,1,0,0,0,A,A,2,No Deposit,108,Transient,147.1502804338088,1,2
0,0,3,4,1,-1,0,0,0,0,F,E,1,No Deposit,0,Transient,138.62335436007228,0,1
0,250,1,1,1,0,0,0,0,0,H,A,1,No Deposit,0,Transient,130.1177925448134,0,1
0,211,2,1,1,0,0,1,0,0,E,G,0,No Deposit,0,Transient-Party,116.65497780623176,0,2
0,0,0,2,2,0,0,0,0,0,D,A,0,Non Refund,0,Transient,164.16500154199136,2,3
0,199,1,40,2,0,0,0,0,0,E,A,1,No Deposit,20,Transient-Party,94.47205182622717,0,1
0,138,1,1,2,0,0,1,0,0,A,A,1,No Deposit,0,Group,54.91266355143933,0,0
0,1,4,1,2,0,0,0,0,0,A,A,0,No Deposit,0,Transient,106.76907854347417,2,0
1,181,2,5,2,1,0,0,0,0,A,C,1,No Deposit,62,Transient,49.194709929820775,0,0
1,237,1,12,2,0,0,0,0,0,A,C,1,Non Refund,0,Transient,42.34010535769579,0,0
0,3,8,1,2,0,0,0,0,0,A,D,4,No Deposit,20,Transient,112.59719926426885,1,0
0,405,2,1,2,0,0,0,0,0,A,D,0,No Deposit,0,Transient-Party,107.58011305003356,0,0
1,116,2,2,2,0,0,0,0,0,A,A,0,No Deposit,93,Transient,47.554633456376465,0,1
0,43,1,2,2,0,0,0,0,0,F,D,0,No Deposit,0,Transient,84.3557810208816,0,2
0,260,0,1,2,1,0,0,0,0,D,E,0,No Deposit,0,Transient,81.31868529129929,0,0
0,296,0,1,1,0,0,0,0,0,A,A,0,No Deposit,0,Transient-Party,48.87387083078115,0,0
0,45,2,3,2,0,0,0,0,0,A,A,0,No Deposit,0,Transient,84.98299086787245,0,0
0,141,0,1,0,0,0,0,25,0,A,A,0,Non Refund,0,Transient,65.89011867552918,0,0
1,0,2,1,3,0,1,0,0,0,A,E,0,No Deposit,0,Transient,32.67272087480039,0,2
0,47,0,1,2,0,0,0,0,0,A,D,1,No Deposit,0,Contract,137.20888445930373,0,0
0,605,1,2,2,0,0,0,0,0,A,F,1,Non Refund,0,Transient,122.48832385697591,1,2
1,366,1,12,2,0,0,0,0,0,A,A,0,No Deposit,68,Transient,59.07304557134752,0,3
0,354,1,2,2,2,0,0,0,0,A,A,0,No Deposit,391,Transient,73.39537059121909,0,0
0,2,1,2,2,0,0,0,0,0,D,A,0,No Deposit,0,Transient,163.7697981224091,1,1
1,47,1,3,2,0,0,0,0,0,A,A,3,No Deposit,0,Transient,72.30042039104089,2,1
0,315,1,1,2,0,0,1,0,0,E,A,0,No Deposit,0,Transient,32.71496629180514,0,0
0,8,0,6,2,0,0,0,0,0,D,H,0,No Deposit,0,Transient,178.00262162810944,0,1
0,187,3,1,2,0,0,0,0,0,D,D,1,No Deposit,0,Transient,100.92669355901172,0,1
1,63,0,1,2,0,0,0,0,0,H,A,0,No Deposit,0,Transient,109.73895912255693,0,3
1,299,2,1,2,0,0,0,0,16,A,E,0,No Deposit,0,Transient,57.030985179471394,0,0
0,216,2,1,1,0,0,0,0,0,A,A,1,Refundable,0,Transient,65.49385818854378,0,1
0,1,1,0,2,0,0,0,0,27,F,A,2,No Deposit,0,Transient,137.44731156314452,0,0
0,337,1,5,1,0,0,0,0,0,A,D,0,No Deposit,0,Transient,85.53668876157887,0,3
0,79,2,0,2,0,0,0,0,0,A,A,0,No Deposit,0,Transient-Party,69.40952855972432,1,1
0,18,1,2,2,1,0,0,0,0,A,A,0,No Deposit,0,Transient,108.59940327281718,0,0
1,364,0,0,2,0,0,0,0,0,A,A,0,No Deposit,0,Transient,111.28273520622004,0,0
0,231,1,3,2,0,0,0,0,12,E,D,7,No Deposit,35,Transient,77.59703341444416,0,2
0,273,0,0,2,2,0,1,0,0,G,D,0,Non Refund,0,Transient,83.98927659193232,1,0
0,3,1,12,2,0,0,0,0,0,A,E,4,No Deposit,178,Transient,190.9468876144913,0,0
0,145,1,1,1,0,0,0,0,0,F,D,0,No Deposit,0,Transient-Party,165.84570492317246,1,2
0,1,1,3,2,0,0,0,0,0,A,A,0,No Deposit,0,Transient,87.66254283048636,0,0
0,97,3,5,2,0,2,0,0,0,D,D,1,No Deposit,0,Transient-Party,64.76760903019834,0,0
0,0,0,1,4,0,0,0,0,0,A,A,1,No Deposit,0,Transient-Party,26.29216027538093,0,0
0,59,0,2,3,0,0,0,25,0,A,D,0,No Deposit,0,Transient-Party,119.78820616693312,0,0
0,186,1,2,2,0,0,0,0,0,D,A,0,No Deposit,0,Transient,57.26472872555996,0,0
0,91,2,1,2,2,0,0,0,0,A,D,13,No Deposit,0,Transient,157.03616518460672,0,1
1,279,1,3,1,2,0,0,0,0,A,E,1,No Deposit,0,Transient,58.99656322357594,0,0
0,89,1,4,1,0,0,0,0,0,A,A,0,No Deposit,27,Transient,109.55033394344456,1,1
0,1,0,7,1,0,0,0,0,0,A,A,0,Refundable,0,Transient,124.31482483342475,0,0
1,91,1,2,3,0,0,0,0,0,D,A,0,No Deposit,0,Transient,162.09328696745803,0,1
0,134,2,12,2,2,0,0,0,0,A,A,0,No Deposit,0,Transient,97.09355940937037,0,3
1,132,2,12,1,0,0,0,0,0,A,A,0,No Deposit,0,Transient,65.74443094414191,1,0
1,144,0,0,2,0,0,0,0,0,A,D,1,No Deposit,0,Contract,56.78033252579344,0,2
1,9,1,2,2,2,0,0,0,4,A,D,0,No Deposit,0,Transient-Party,53.81318323906575,0,0
0,37,1,1,1,0,0,0,0,8,E,A,1,No Deposit,0,Transient,106.58345168108274,0,1
0,113,2,3,2,0,0,0,0,0,E,G,0,No Deposit,0,Transient,74.60678560828026,0,0
0,0,0,5,2,0,2,0,0,0,E,A,0,No Deposit,0,Transient,49.927761364385546,0,0
0,155,1,2,2,0,0,1,0,0,A,A,2,No Deposit,0,Transient-Party,99.0409454851863,0,1
0,462,2,2,2,0,0,0,0,0,A,A,0,No Deposit,0,Transient,184.16329439719044,0,0
1,270,1,1,2,0,0,0,0,0,A,D,6,No Deposit,0,Transient,116.75600019869168,0,2
0,67,0,3,2,0,0,0,0,0,A,A,0,No Deposit,0,Transient,55.131906961803075,0,0
0,504,1,2,3,0,0,0,0,6,A,D,1,No Deposit,0,Transient,75.78685721659534,1,1
0,94,2,11,3,0,0,0,0,0,A,C,0,No Deposit,0,Transient,136.02012767067689,0,0
0,542,1,10,2,0,0,0,0,0,A,A,1,No Deposit,0,Transient,68.41013312549305,0,3
1,394,1,2,1,0,0,0,0,0,E,A,0,No Deposit,0,Transient,250.16246698683037,0,0
0,61,2,0,1,0,0,0,0,0,A,D,1,No Deposit,0,Transient,104.75909489391239,0,0
1,264,2,0,2,0,0,0,0,0,A,A,1,No Deposit,0,Transient,142.35712470009867,0,1
1,207,2,1,2,0,0,0,0,0,B,A,0,Non Refund,0,Transient,61.789026201697624,0,1
1,1,0,1,1,0,0,0,0,0,A,F,0,No Deposit,0,Transient,158.56578716538834,0,1
1,332,1,4,2,0,0,0,0,0,D,G,0,No Deposit,0,Transient-Party,93.2523481016448,0,1
0,0,4,15,1,0,0,0,0,0,F,A,1,No Deposit,0,Transient-Party,137.09248493088936,0,2
0,280,0,1,3,0,0,0,0,0,A,A,0,No Deposit,0,Transient,118.39879287186635,0,1
0,82,2,5,2,3,0,0,0,0,F,D,5,Non Refund,0,Transient,104.56677781930445,0,1
0,55,0,5,1,0,0,0,0,0,A,A,0,No Deposit,0,Transient-Party,113.08132178792735,0,0
0,50,1,0,1,0,0,0,0,0,A,A,5,No Deposit,0,Transient-Party,42.62150970353704,0,0
0,153,0,1,2,0,0,0,0,0,A,D,0,No Deposit,0,Transient,107.37316386400543,0,0
1,9,1,4,2,0,0,0,0,0,A,A,0,No Deposit,91,Transient,89.6424799421931,0,0
0,199,5,3,2,0,0,0,0,0,A,E,0,Non Refund,31,Transient-Party,115.06765405932465,0,2
0,420,1,1,2,0,0,0,0,0,C,B,0,No Deposit,0,Transient,115.98196983713318,0,0
0,79,4,4,2,0,0,0,0,0,A,A,2,No Deposit,0,Transient,25.1562122990619,0,2
1,57,2,1,2,0,0,0,0,0,E,F,0,No Deposit,0,Transient,127.61173898185194,0,0
1,127,5,2,2,0,0,0,0,0,G,A,1,No Deposit,0,Transient,113.98522959639475,0,0
0,222,2,2,1,0,0,0,0,0,A,D,1,No Deposit,3,Transient-Party,124.94024482677575,0,3
0,59,1,2,2,0,0,0,0,8,A,A,7,Non Refund,0,Transient,115.41039848490755,0,1
0,199,1,13,1,0,0,0,19,0,A,D,1,No Deposit,0,Transient,85.89060541954422,0,3
1,31,0,7,2,0,0,0,0,0,A,A,0,Non Refund,0,Transient,76.0945379716496,0,0
0,384,2,2,3,0,0,0,0,8,A,A,3,No Deposit,0,Transient,81.82126807508239,0,0
1,2,0,8,2,0,0,0,0,0,A,H,0,No Deposit,0,Transient,133.6759591586611,0,0
0,391,0,2,2,0,0,0,0,0,A,E,7,No Deposit,0,Transient,27.000703446847233,0,0
0,0,1,1,2,0,0,0,0,0,A,F,0,No Deposit,0,Transient,109.13448400317169,0,2
0,125,1,3,2,0,0,0,0,0,A,D,1,Non Refund,0,Transient,171.1002480806156,0,1
0,186,0,0,2,0,1,0,1,0,F,D,4,No Deposit,0,Transient-Party,143.00826175656846,0,2
0,189,0,2,1,0,1,0,0,0,A,A,13,No Deposit,0,Group,87.67389781674055,0,0
1,259,0,4,4,0,0,1,0,0,A,F,0,No Deposit,0,Transient,124.6130742160098,0,0
0,5,0,1,1,0,0,0,0,0,A,C,1,No Deposit,0,Transient,135.81018289742764,0,0
0,4,0,1,1,0,0,0,19,0,A,A,0,Non Refund,0,Transient,101.19541068835093,0,0
1,59,0,1,1,0,0,0,0,0,E,C,0,No Deposit,0,Transient,86.29943455412757,0,0
1,0,1,1,1,0,0,0,0,0,D,A,3,No Deposit,0,Group,142.33808558978026,0,1
0,276,2,2,1,0,0,0,0,0,D,A,0,No Deposit,0,Transient,57.42268268246752,0,4
0,0,0,1,3,0,0,0,0,0,A,A,1,No Deposit,0,Transient,70.6669223887147,1,2
1,27,8,1,1,0,0,0,0,0,E,B,1,No Deposit,0,Transient,63.01148337205782,0,0
0,115,0,4,3,0,0,0,0,0,E,A,0,No Deposit,0,Transient,119.86989281400405,0,0
0,300,0,1,1,0,0,0,0,0,A,H,0,No Deposit,0,Transient,52.7433703084337,0,0
0,181,0,2,2,0,0,0,0,0,A,A,1,No Deposit,0,Transient,43.24403359504596,0,2
0,86,1,5,1,0,0,0,0,0,A,F,0,No Deposit,43,Transient,145.96982462113766,0,0
0,179,3,2,1,2,0,0,0,0,A,B,0,No Deposit,56,Transient,116.814012861675,0,1
1,14,0,5,3,0,0,0,0,0,D,A,0,No Deposit,0,Transient,148.07901728765842,0,1
0,4,4,1,1,0,0,0,0,0,A,D,1,No Deposit,0,Transient,76.26500560358627,0,0
0,21,2,1,2,0,0,0,1,0,F,D,7,No Deposit,0,Transient,80.16134427894367,0,2
0,39,1,2,0,0,0,0,0,0,A,D,0,No Deposit,0,Transient,120.0850804227437,0,1
0,213,1,4,2,0,0,0,0,0,A,D,4,No Deposit,0,Transient,98.6833699781575,1,2
0,79,2,2,2,0,0,0,0,0,A,D,0,No Deposit,0,Transient,118.79794336140297,0,0
1,336,3,1,2,2,0,0,0,0,A,B,2,No Deposit,0,Transient-Party,56.51575072608235,0,2
0,2,0,4,2,0,0,0,25,0,H,D,2,No Deposit,0,Transient,126.48286356226684,1,0
0,109,0,4,2,0,0,0,0,0,A,E,1,No Deposit,0,Transient,31.87510518426771,0,3
0,178,1,1,2,0,0,0,0,0,A,D,1,No Deposit,0,Transient,172.44211354451627,0,0
0,373,0,3,2,0,0,0,0,0,D,A,0,No Deposit,53,Transient,86.95995235652903,0,0
1,0,2,8,2,0,0,0,0,0,D,A,0,No Deposit,0,Transient,174.7062912896679,0,1
0,213,1,8,1,2,0,0,0,0,D,D,0,Non Refund,0,Transient,118.90376134745335,0,0
1,1,0,5,3,0,0,1,0,0,C,A,7,No Deposit,0,Transient,80.19414997940589,0,1
0,182,0,3,2,0,0,0,0,0,A,A,1,No Deposit,0,Transient,46.0256882564002,0,1
0,98,0,0,2,0,0,0,0,0,A,G,0,Non Refund,0,Transient,60.07413521608019,0,0
0,0,0,2,2,0,0,0,1,0,A,D,0,No Deposit,0,Transient,110.62078113852695,0,2
0,1,2,0,2,0,0,0,0,0,A,A,0,No Deposit,0,Transient,56.55244993730444,1,1
0,180,1,2,2,2,0,0,0,0,D,A,0,No Deposit,77,Contract,63.04323935194917,0,1
0,24,8,15,1,0,0,0,1,0,A,G,0,No Deposit,0,Transient,79.31751585426906,0,0
1,126,0,4,0,0,0,0,0,0,D,D,0,No Deposit,79,Transient,138.8679660945711,0,0
0,312,0,1,1,0,0,0,0,0,A,D,0,No Deposit,0,Transient,129.160223537511,0,0
1,0,1,13,2,0,0,0,0,0,A,D,0,No Deposit,0,Transient,158.87893577177513,0,0
0,0,0,6,2,0,0,0,14,0,A,A,2,No Deposit,0,Transient,44.099801623338095,0,2
0,117,6,2,2,0,0,0,0,0,A,G,2,No Deposit,80,Transient,141.57609290298922,1,0
0,23,0,4,2,0,0,0,0,9,H,A,0,No Deposit,0,Transient,126.7021707312814,0,0
0,2,4,0,2,0,0,0,0,0,C,A,2,No Deposit,0,Transient,39.477087006572916,0,3
0,27,1,0,3,0,0,0,0,0,A,A,0,Non Refund,0,Transient-Party,31.685418056370846,0,1
1,127,1,4,1,0,0,0,0,19,A,A,0,No Deposit,0,Transient-Party,66.32014357236555,1,2
1,242,1,0,3,0,0,0,0,0,D,A,1,No Deposit,0,Transient-Party,87.66417160270352,0,1
0,176,1,3,2,0,0,0,0,0,A,A,6,No Deposit,53,Transient-Party,116.18689114302323,0,0
0,0,0,8,1,0,0,0,0,0,A,A,1,No Deposit,0,Transient,36.21173113502293,0,0
1,0,2,4,2,0,0,0,0,0,A,A,2,Refundable,0,Transient,107.6943994168015,0,2
1,240,0,2,2,0,0,0,0,0,D,A,0,No Deposit,0,Transient,89.79895613045409,0,2
1,17,1,6,1,0,0,0,0,0,F,A,0,No Deposit,0,Transient,64.3389377866469,0,2
0,293,2,3,1,0,0,0,0,0,A,A,0,No Deposit,0,Transient,42.438457130637815,0,1
1,71,3,0,2,0,0,0,0,0,A,D,1,No Deposit,0,Transient,65.21194331556264,0,1
0,180,2,1,2,0,0,0,0,0,A,A,0,No Deposit,0,Transient,153.59146792155582,1,2
0,144,0,2,2,0,0,0,0,0,A,H,1,No Deposit,0,Transient-Party,176.5505018286501,0,0
1,422,0,3,2,0,0,0,0,0,A,A,0,No Deposit,0,Transient,53.33688521356058,0,1
0,139,2,5,3,0,0,0,0,10,A,B,0,No Deposit,0,Transient,65.63120921164773,0,2
0,238,1,5,2,0,0,1,0,0,A,E,0,No Deposit,0,Transient-Party,129.31961357332756,0,1
1,0,0,3,2,-1,0,0,0,0,A,A,0,No Deposit,0,Transient,261.27823036932284,0,0
1,330,1,11,2,2,0,0,0,0,A,D,1,No Deposit,0,Transient,129.10907079541,0,1
1,259,0,6,1,0,0,0,0,0,A,A,3,No Deposit,0,Transient,33.656397252612436,0,5
0,80,2,2,3,2,0,0,0,0,A,D,0,Non Refund,38,Transient,82.82412713710755,0,0
1,190,2,1,3,0,0,1,0,0,A,A,0,No Deposit,0,Transient,68.93430579723874,0,2
1,2,0,3,2,0,0,0,0,0,D,B,0,No Deposit,0,Transient,43.3401245323158,0,0
0,0,0,1,2,0,0,0,0,0,A,D,0,Non Refund,0,Transient,268.33912470623915,0,0
0,42,0,0,2,0,0,0,0,0,E,A,0,No Deposit,0,Transient,72.35504811816796,0,1
1,177,0,1,2,1,0,0,0,0,A,A,0,No Deposit,0,Transient-Party,29.428834189107373,0,0
0,391,0,1,3,0,0,0,0,0,A,A,0,No Deposit,0,Transient,63.68590835144032,0,0
0,91,0,2,1,0,0,0,0,0,E,B,1,No Deposit,0,Transient,39.12952460430923,0,2
0,77,1,3,2,0,0,0,0,0,A,D,0,No Deposit,0,Transient,241.03524792338584,0,1
0,0,0,3,2,0,0,0,0,0,A,A,0,No Deposit,0,Transient,74.02798164173356,1,5
0,0,2,3,4,0,0,0,0,0,A,A,0,No Deposit,0,Transient-Party,21.031956506732605,0,2
0,14,1,4,3,0,0,1,0,0,A,A,0,No Deposit,0,Transient-Party,106.99983255675558,0,1
0,112,2,5,2,0,0,0,0,0,D,G,0,No Deposit,0,Transient,44.47159010460114,0,1
0,284,2,2,2,0,0,0,1,0,C,H,0,No Deposit,0,Transient-Party,76.96327326436278,0,0
0,252,1,2,3,0,1,0,0,0,D,E,2,No Deposit,0,Transient-Party,66.48082261176415,0,0
0,2,5,1,2,0,0,0,1,0,E,A,0,No Deposit,0,Contract,129.9525536724032,0,3
1,0,2,4,1,0,0,0,0,0,G,A,0,No Deposit,0,Transient,139.49156107784023,0,0
0,238,0,2,2,0,0,1,0,0,A,A,0,No Deposit,50,Transient-Party,71.58091738380354,0,0
0,25,2,5,2,0,0,0,0,0,A,D,1,No Deposit,0,Transient,91.5206791768608,0,0
0,163,0,1,2,0,0,0,0,0,A,A,0,No Deposit,0,Transient,68.48429910457016,0,2
1,0,0,1,2,0,0,0,26,0,A,D,0,No Deposit,0,Transient-Party,157.399509625073,0,0
1,396,0,1,2,0,0,0,0,0,D,D,0,No Deposit,0,Transient,27.66026216645059,0,0
0,54,0,4,1,0,0,0,0,0,G,A,0,Refundable,0,Transient,144.13015800773218,0,0
0,69,3,5,3,0,0,0,0,0,A,D,4,Non Refund,0,Transient,48.88717509819123,0,1
0,275,2,4,2,1,0,0,0,0,A,A,0,No Deposit,3,Transient,28.834293806612887,1,1
0,39,0,4,1,0,0,0,0,0,A,A,1,No Deposit,0,Transient,89.15656587338955,0,1
1,116,0,1,2,2,0,0,0,0,F,G,1,No Deposit,0,Transient,258.42756261423926,1,0
1,32,1,2,2,0,0,0,0,0,D,D,0,No Deposit,0,Transient,53.29900681994094,0,1
1,622,0,1,1,2,0,0,11,0,A,A,0,No Deposit,0,Transient,139.36408799203303,0,0
1,317,0,2,2,0,0,1,0,0,A,B,0,No Deposit,0,Transient,140.59958230451016,1,1
0,267,1,1,2,0,0,0,0,0,D,A,0,No Deposit,0,Transient,80.83206536415848,0,0
0,1,1,1,2,0,0,0,0,0,A,A,2,No Deposit,0,Transient,37.90192749804483,0,1
0,275,5,3,2,0,0,0,24,0,A,A,0,Non Refund,0,Transient,225.3827905379732,0,0
0,383,2,2,2,0,0,0,0,0,A,G,0,No Deposit,5,Transient-Party,36.01173488033921,0,1
1,38,2,3,1,0,0,0,0,0,A,D,0,No Deposit,0,Transient,86.03669257499439,0,0
1,21,1,3,2,0,0,0,0,0,A,E,0,No Deposit,20,Transient,181.85192382845835,2,2
1,2,2,1,1,0,0,0,0,0,A,A,1,No Deposit,0,Group,72.85659084278976,0,0
1,20,2,1,3,0,0,0,0,4,A,K,0,No Deposit,0,Transient,16.43949275065305,0,1
1,0,2,0,2,0,0,0,0,0,A,G,0,Non Refund,0,Transient-Party,37.5364706975769,0,0
0,0,5,3,2,0,0,1,0,0,A,A,0,No Deposit,0,Transient,157.5517160541124,0,0
0,538,2,1,2,0,1,0,0,0,A,A,0,No Deposit,0,Contract,32.62192521508187,0,0
0,5,6,1,2,2,0,0,0,0,B,A,0,No Deposit,0,Transient,83.2495976639389,0,0
0,1,1,2,2,0,0,0,0,48,D,G,0,No Deposit,0,Transient,104.3452672399206,0,0
1,192,1,20,1,0,0,0,26,8,D,A,3,No Deposit,0,Transient-Party,99.38391073996705,0,2
0,356,1,6,4,0,0,0,0,0,E,A,0,No Deposit,0,Transient,32.97887671762355,0,1
0,327,1,1,2,0,0,1,0,0,A,D,0,No Deposit,0,Transient,25.698793823903948,0,0
1,5,1,3,2,0,0,0,0,0,A,A,1,No Deposit,0,Transient,17.075385020943532,0,0
1,379,0,1,1,0,0,0,0,0,A,F,0,Non Refund,0,Transient,110.64227232637776,0,0
0,296,2,1,2,0,0,0,0,0,E,A,1,No Deposit,0,Transient,25.036027253943047,0,0
1,4,2,7,2,0,0,0,0,0,D,A,0,No Deposit,28,Transient,69.62890591433083,0,0
0,1,2,1,2,0,0,0,1,0,A,D,1,No Deposit,0,Transient-Party,91.76903214378224,0,1
0,83,0,2,2,0,0,0,0,0,A,C,1,No Deposit,48,Transient,32.3993210614542,2,1
0,268,1,1,2,0,0,0,0,0,C,A,0,No Deposit,0,Transient,105.1009325020143,1,2
0,77,1,1,2,0,0,0,0,0,A,A,0,Non Refund,0,Transient,186.2569077398182,0,1
0,74,3,2,2,0,0,1,0,0,A,A,5,Non Refund,0,Transient-Party,244.3156405323974,0,0
0,426,2,4,3,2,0,0,0,12,A,A,0,No Deposit,0,Transient,64.0619930451188,0,1
0,35,0,1,2,0,0,0,0,0,H,D,0,No Deposit,0,Transient,62.83055067268025,0,1
1,0,3,1,4,0,0,0,0,0,A,A,1,No Deposit,0,Transient-Party,109.08113034340151,0,3
0,0,0,2,2,0,1,0,0,0,G,A,1,No Deposit,0,Transient,31.93283173271357,0,0
0,0,2,1,3,0,0,0,0,0,A,G,1,No Deposit,0,Transient-Party,166.02396532312528,0,0
1,166,0,2,1,3,0,1,0,0,E,B,2,No Deposit,0,Transient,79.82224703468326,0,3
0,231,1,2,2,0,0,0,0,0,A,A,0,No Deposit,0,Transient,172.6359970264587,0,1
1,42,3,8,0,0,0,0,0,0,A,A,0,No Deposit,0,Transient,28.977651579199538,0,2
0,46,4,10,4,0,0,0,0,0,D,A,1,No Deposit,64,Transient,48.619616826103865,0,2
0,0,2,2,2,2,0,0,1,0,A,B,1,Non Refund,0,Transient,60.658267660203826,0,0
1,104,1,1,2,0,0,0,0,0,A,A,0,Refundable,0,Transient-Party,130.0104843828756,0,2
0,20,0,2,1,0,0,0,0,0,A,A,5,No Deposit,0,Transient-Party,181.02530851744302,0,4
0,82,2,3,2,0,0,0,0,0,A,E,0,No Deposit,0,Transient,74.52756132425525,0,1
0,301,2,1,2,0,0,0,0,0,F,A,1,No Deposit,0,Transient-Party,37.573108078406605,0,5
0,258,4,6,2,0,0,0,0,0,F,D,0,No Deposit,0,Transient,45.534352034904806,0,1
1,237,0,0,1,0,0,0,0,1,A,A,0,Refundable,0,Transient-Party,135.42570465159733,0,1
1,14,0,6,2,0,0,0,0,0,A,E,1,Non Refund,0,Transient,29.126802533653134,0,0
1,254,2,0,1,0,0,0,0,0,A,D,0,Non Refund,0,Transient,142.8875170273159,0,2
1,90,0,2,3,2,0,0,0,0,A,A,1,No Deposit,0,Transient,42.11296328986775,0,0
0,0,2,3,1,0,0,0,0,0,F,D,0,No Deposit,0,Contract,99.63592326440414,0,0
1,263,2,1,1,-1,0,0,0,0,A,A,0,No Deposit,0,Transient,100.74328623899879,0,1
1,102,1,5,2,0,0,0,0,0,A,C,0,No Deposit,215,Transient,16.890432524544693,1,0
0,330,1,1,3,0,0,0,0,0,A,D,1,No Deposit,0,Transient,39.55489649604851,0,5
0,58,4,5,2,1,0,0,0,0,E,E,0,No Deposit,0,Transient,73.14700667991426,0,1
0,122,0,1,2,1,0,0,0,0,H,A,0,No Deposit,0,Transient,46.929431324035136,0,0
0,187,1,0,2,0,0,0,0,0,F,A,0,No Deposit,0,Transient-Party,91.67281052395315,0,3
0,559,0,3,2,2,0,0,1,0,A,A,3,No Deposit,0,Transient,134.93830597854833,0,4
0,30,0,1,2,0,0,0,0,0,A,A,1,No Deposit,0,Transient-Party,100.5672278857251,1,0
1,269,1,1,2,0,0,0,0,0,A,A,0,No Deposit,0,Transient,106.08612640139845,0,0
0,327,2,5,1,0,0,0,0,0,A,A,1,No Deposit,0,Transient,60.18646757100071,1,1
0,50,0,2,2,0,0,0,0,0,D,H,1,No Deposit,0,Transient,170.91222011399685,1,0
0,138,0,0,2,0,0,0,0,0,A,A,1,Non Refund,41,Transient,51.203147038589066,0,1
0,188,0,3,2,0,0,0,0,0,E,A,2,No Deposit,0,Transient,76.39236702237504,0,0
0,168,0,16,2,0,0,0,0,0,A,H,0,No Deposit,0,Transient,114.8917639431164,0,0
0,177,1,0,2,0,0,0,0,0,D,A,0,No Deposit,0,Transient,162.348291881835,0,1
0,629,1,4,2,0,0,0,0,0,A,A,1,No Deposit,0,Transient,77.92493260309995,0,0
1,307,16,2,2,0,0,0,25,0,E,A,0,No Deposit,0,Transient,136.6177918477677,0,2
0,141,0,2,3,0,0,0,0,0,A,H,0,No Deposit,0,Transient,89.72903515692617,0,0
0,56,1,2,1,0,0,0,0,0,A,A,0,No Deposit,0,Transient,35.9892604741224,0,0
1,0,2,1,2,0,0,0,0,0,A,A,0,No Deposit,0,Transient,75.73148421555857,0,4
0,422,2,1,2,0,0,0,0,0,G,D,1,No Deposit,0,Transient,130.58196553593297,0,2
0,52,2,3,2,0,0,0,14,0,A,A,0,No Deposit,0,Transient,152.45833872402542,0,0
0,113,2,2,2,0,0,0,0,0,A,H,1,No Deposit,0,Transient,169.71842547451246,0,0
1,350,2,5,2,3,0,0,0,0,A,A,3,No Deposit,22,Contract,110.46189863402054,1,3
0,0,2,0,1,0,0,0,0,21,D,A,0,No Deposit,0,Transient,100.4546119169214,0,0
1,0,2,2,1,0,0,0,0,0,A,G,1,No Deposit,0,Transient,120.20903788160537,0,1
0,28,0,1,2,0,2,0,0,0,D,A,0,No Deposit,0,Transient-Party,42.603599876525145,0,0
1,356,1,5,1,2,0,0,0,0,B,A,1,No Deposit,0,Contract,88.67787011401391,0,0
1,82,2,1,2,0,0,0,0,0,E,B,0,No Deposit,0,Transient-Party,77.81455689925889,0,0
1,2,0,0,2,0,0,1,0,2,A,A,0,No Deposit,0,Transient,75.39427573048351,1,0
0,7,2,0,2,0,0,0,0,0,A,A,0,No Deposit,0,Transient,85.85957299435567,1,2
0,171,0,5,2,0,0,0,0,0,A,A,0,No Deposit,0,Transient-Party,92.07417955045,1,3
0,1,2,1,2,0,0,0,1,4,G,A,1,No Deposit,0,Transient,151.93612592120436,0,0
0,176,0,1,2,0,0,0,0,0,A,A,0,Non Refund,0,Transient,43.84643116945591,0,1
0,170,2,3,2,0,0,0,0,0,A,G,0,No Deposit,0,Transient,86.74764844744985,1,0
0,238,2,2,1,0,0,0,0,0,A,A,1,No Deposit,0,Transient,120.23408776951096,0,0
0,411,2,7,2,2,0,0,0,0,A,B,0,No Deposit,0,Transient,114.65935206764414,0,0
0,7,4,4,3,0,0,0,0,0,G,A,0,No Deposit,0,Transient,65.0746368423392,0,3
0,1,0,3,2,0,1,0,0,0,A,E,0,No Deposit,0,Transient,100.11070320752273,0,0
0,39,2,1,1,0,1,0,0,0,A,E,0,No Deposit,3,Transient,112.67361117058721,0,0
0,72,1,1,0,0,0,0,0,29,A,A,1,No Deposit,0,Transient,120.93390875461226,1,0
0,0,2,1,2,0,0,1,0,19,D,A,0,No Deposit,0,Transient,170.8558137576078,0,0
0,0,2,1,1,0,0,0,0,0,A,D,2,No Deposit,0,Transient-Party,89.29980258933604,0,2
0,0,16,19,2,0,0,0,0,0,G,F,0,No Deposit,89,Transient,132.19183990671388,0,2
1,14,2,1,1,0,0,0,0,0,E,A,0,No Deposit,77,Transient-Party,44.65798542510965,0,1
0,70,0,6,2,0,0,0,0,0,A,A,0,Non Refund,162,Transient,131.11693076404293,0,0
1,61,0,10,2,3,0,1,0,3,A,H,0,Non Refund,0,Transient,87.41285476818152,1,0
0,311,0,2,1,1,0,0,0,0,A,A,0,No Deposit,0,Transient,71.0423795510725,0,0
0,348,2,1,3,0,0,0,0,0,A,D,3,No Deposit,0,Transient-Party,64.94459248079256,0,1
0,0,2,2,2,0,0,0,1,0,A,G,1,No Deposit,0,Transient,97.20944479895074,0,1
1,305,0,3,2,0,0,0,0,0,A,F,1,No Deposit,0,Transient,128.33971276193097,0,2
0,197,0,1,1,0,0,0,0,0,A,D,0,No Deposit,0,Transient-Party,52.87364197178778,0,0
0,180,1,2,1,0,0,0,0,0,A,A,1,No Deposit,17,Transient,127.45915056632859,0,0
0,1,4,3,2,0,0,0,1,0,A,D,0,Non Refund,0,Transient,175.8972909580567,0,0
0,133,1,3,2,0,0,0,0,0,F,A,0,No Deposit,108,Transient,111.3780693431479,0,0
1,303,2,3,1,0,1,0,0,0,A,A,0,No Deposit,0,Transient,52.45045338282127,0,2
0,153,2,0,2,0,0,0,0,6,A,G,1,No Deposit,0,Transient,40.414776481523,0,0
0,6,2,3,2,0,0,0,0,0,A,E,0,No Deposit,0,Transient,118.06710854645468,0,1
0,1,2,1,3,0,0,0,0,0,A,A,0,No Deposit,0,Transient,68.42947146066368,0,0
0,227,0,1,1,0,0,0,0,0,C,E,0,No Deposit,0,Transient,78.82816863199069,0,4
1,94,2,2,1,0,0,0,0,0,A,A,0,Non Refund,0,Transient,120.8559736751617,0,2
0,264,2,5,4,0,0,0,0,0,A,A,0,No Deposit,0,Transient,90.78937669519844,0,0
0,0,0,10,2,0,0,0,0,0,A,A,1,No Deposit,0,Transient,107.81224463148556,0,1
0,181,1,2,2,0,0,0,0,0,A,A,6,No Deposit,0,Transient,26.71355857833039,0,0
0,7,1,9,2,0,0,0,0,0,A,G,0,Non Refund,0,Transient-Party,107.16978217790323,1,1
0,356,2,2,2,0,0,0,0,0,E,A,0,No Deposit,0,Transient-Party,105.2450712013317,0,0
1,86,0,2,2,0,0,0,1,0,A,A,2,No Deposit,0,Transient,73.67917119364728,0,1
0,0,2,1,1,0,0,0,0,0,A,D,0,Non Refund,111,Transient,30.367436982389073,0,0
1,0,0,4,4,0,0,0,0,0,A,A,0,No Deposit,0,Transient,73.31475363907954,0,0
1,19,0,3,2,0,0,0,0,0,A,A,1,No Deposit,0,Transient,111.09840625230962,0,0
1,35,6,5,2,0,0,0,0,0,A,H,0,No Deposit,0,Contract,110.34983824578065,0,0
1,363,0,0,1,0,0,0,0,0,A,F,2,No Deposit,81,Transient,105.69543089777093,0,2
0,70,1,8,1,0,0,0,0,0,A,A,1,No Deposit,0,Transient,64.73639078399394,0,0
1,70,1,2,2,1,0,0,0,0,A,A,1,No Deposit,0,Transient,104.09333433578068,0,0
0,203,0,2,2,0,0,1,0,0,A,G,0,No Deposit,0,Transient,44.388504774818955,0,1
1,0,4,4,1,0,0,0,0,0,A,D,3,No Deposit,0,Transient,47.68468323806959,0,0
0,96,0,1,2,0,0,0,5,0,C,B,0,No Deposit,0,Transient,81.54187763285964,0,2
0,0,2,3,2,0,0,0,0,0,A,D,0,No Deposit,0,Transient-Party,101.67519375251672,0,1
1,245,0,5,2,0,0,0,0,0,A,D,2,No Deposit,23,Transient,28.7846922024436,0,0
0,13,8,3,2,0,0,0,1,0,A,A,1,No Deposit,223,Transient,105.37455951482987,0,1
0,4,3,2,2,0,0,0,0,0,F,D,1,No Deposit,0,Transient,88.40139380605116,0,0
0,230,1,5,2,0,0,0,0,0,A,D,1,No Deposit,0,Transient,34.42669187887033,0,0
0,475,2,1,2,1,0,1,0,0,A,A,0,No Deposit,0,Transient,163.37271513926416,0,0
0,372,1,3,2,0,0,0,0,0,D,C,0,No Deposit,0,Transient,61.515568411850495,0,1
0,171,0,4,2,0,0,1,0,0,B,D,0,No Deposit,0,Transient,76.61918117204488,0,0
0,0,0,2,2,0,0,0,0,0,A,A,0,No Deposit,0,Transient,58.180458851643685,0,1
0,490,3,1,2,0,0,0,0,0,B,A,2,No Deposit,0,Transient,160.30535867885712,1,3
1,181,3,2,2,0,0,0,1,0,A,A,0,Non Refund,0,Transient,130.57703365761725,0,1
0,195,2,6,2,0,0,0,0,0,A,A,1,Non Refund,0,Transient,50.94356253219601,0,0
0,286,0,12,1,0,0,0,0,0,D,F,0,No Deposit,71,Transient-Party,117.38772980634175,0,1
0,1,1,1,2,0,1,0,0,0,A,E,1,No Deposit,0,Transient,66.27663578092921,1,0
0,192,8,6,2,0,0,0,0,0,A,A,0,No Deposit,0,Transient,176.7224257565447,1,0
1,26,0,0,4,2,0,0,1,0,A,C,0,No Deposit,0,Transient,211.60732866033374,0,0
0,341,1,4,1,0,0,0,0,0,A,E,0,No Deposit,0,Transient,102.42019134836474,0,1
1,304,1,6,2,2,0,0,0,0,A,C,1,No Deposit,0,Transient,143.93965746128944,0,2
0,316,2,11,3,0,0,0,0,0,A,A,0,No Deposit,0,Transient,247.2628830975325,0,0
0,2,0,6,2,0,0,0,0,0,A,F,0,No Deposit,0,Transient,102.6156395362755,0,2
1,109,3,2,2,0,0,0,0,0,E,D,1,No Deposit,0,Transient,75.22479824822693,0,1
0,0,0,2,2,0,0,0,0,0,G,I,0,No Deposit,0,Transient,29.172286658630746,1,0
0,165,1,0,2,0,0,0,0,0,A,B,2,No Deposit,0,Transient,102.81231049926464,1,1
0,1,0,4,2,0,0,0,11,2,A,A,1,No Deposit,0,Transient,134.02515970661685,0,0
1,124,0,5,1,0,0,0,0,1,A,A,0,No Deposit,91,Transient,88.54668979104488,0,0
0,21,0,2,1,1,0,0,0,0,A,B,1,No Deposit,0,Transient,63.07876142730033,0,0
0,5,1,2,2,0,0,0,0,0,A,F,1,No Deposit,0,Transient-Party,96.05963930812881,0,0
1,226,1,5,2,0,0,0,1,0,A,A,0,No Deposit,0,Transient,77.36404801373506,0,1
0,181,0,1,4,0,0,0,0,0,A,D,0,No Deposit,0,Transient,90.31082456027112,0,0
0,295,1,0,2,0,0,0,1,0,A,A,0,No Deposit,0,Transient,124.7430112016333,0,0
1,197,3,1,0,0,0,0,0,0,A,A,3,No Deposit,60,Transient,108.97437802124503,0,0
0,86,2,1,4,2,0,0,1,0,A,B,0,No Deposit,0,Transient,82.54374064793915,0,3
1,32,0,1,1,0,0,0,0,0,A,A,3,No Deposit,0,Transient-Party,51.39561196926596,0,0
0,1,0,2,1,0,0,0,0,0,A,A,0,No Deposit,0,Transient-Party,65.74443163140242,0,0
0,3,1,1,2,0,0,0,0,0,D,A,1,No Deposit,0,Transient,129.3428891480354,0,0
0,420,5,1,1,0,0,0,0,0,A,C,1,No Deposit,38,Transient,96.11358543167674,0,0
1,129,0,5,4,0,0,1,0,0,C,A,0,No Deposit,0,Transient,183.71342073237705,1,0
0,129,0,1,2,0,0,0,0,0,A,D,0,No Deposit,0,Contract,37.78214158947193,0,2
0,165,2,9,2,0,1,0,0,0,A,D,8,No Deposit,0,Transient,53.029838481278816,0,1
0,11,0,6,2,-1,0,0,14,0,E,E,0,No Deposit,0,Transient-Party,37.11904900209702,0,0
1,323,1,1,2,0,2,0,1,0,A,B,2,No Deposit,0,Transient-Party,65.11472794274341,0,1
0,559,2,2,2,0,0,0,1,0,D,C,0,No Deposit,0,Transient,55.71039998916238,0,0
